freq;HG_sig;HG_floor;LG_sig;LG_floor
100.0;24.735881416666686;0.4370466387770907;0.3644390595238098;0.25768893743751364
110.0;0.14061625000000014;0.13617334432505754;55.74171071428576;3.2027284053207037
120.0;0.14424294047619057;0.13141348871519476;54.17531452380956;3.7556981414959987
130.0;0.14569908333333345;0.12102891768980084;39.77289161904764;0.7553637885448994
140.0;0.1584170773809525;0.13097254850906145;67.47006647023815;0.9979023573009295
150.0;0.14897610119047633;0.13554835396216458;60.3246296071429;1.6821668245977035
160.0;0.13298462248038104;0.1263679872748555;36.306906970238124;0.5975053606474725
170.0;0.1555139285714287;0.14335984329837648;17.381337202380966;0.5573721419507938
180.0;0.1436985476190477;0.1474601566559921;23.436000970238116;0.7723534990064436
190.0;0.14134896475638106;0.14404067505584417;16.59414192857144;0.426502479414394
200.0;0.16786598281652793;0.1451140426805153;10.198293809523818;0.48958562063951205
210.0;0.14860595238095248;0.15991381716041095;8.393721809523814;0.3471280704043764
220.0;0.16713830357142867;0.15184409594006137;6.27703308928572;0.2592478079220951
230.0;755.1700960892863;8.205553447791566;1.5195250892857155;0.22071956278194857
240.0;0.20437739880952396;0.15338262583582432;4.845256779761908;0.21431453875550294
250.0;178.17140048809537;5.937977611757522;1.4933638452380964;0.2045509985174875
260.0;0.20672977380952395;0.1526518877848862;4.386347380952384;0.20339916716618123
270.0;0.17439075000000015;0.14223358735672398;4.451386797619051;0.1995216766640207
280.0;0.1920262440476192;0.14902588701301744;2.9529361845238116;0.1906310087195124
290.0;0.31701353416392886;0.26586260140901813;1.8841456011904776;0.1778078813805787
300.0;0.15914817191303585;0.15271645417335591;2.301269922619049;0.21921878887780802
310.0;0.2307172976190478;0.17342233608972818;2.456601511904764;0.1787931884597989
320.0;760.2024796190481;3.432020542414312;1.06897236904762;0.19057776746627197
330.0;54.257432726190515;1.2194295207013672;1.1939640595238104;0.1853649936274322
340.0;549.4619485119051;2.1815846515465633;1.0101098690476198;0.17628019322425514
350.0;620.501400059524;5.187676030629824;0.7713895892857149;0.2022419831229677
360.0;543.7984255952385;2.703152714600434;0.6572979047619052;0.19022244310181008
370.0;496.5449070476194;2.4702426153155437;0.5880801190476196;0.183632729885331
380.0;594.8009790892861;3.289130241008992;0.6860027440476195;0.18170119016045244
390.0;567.7781810059528;2.75843292335371;0.672377178571429;0.19912537579602607
400.0;296.8211555952383;1.7017877880165695;0.4145811904761908;0.19092467741000768
410.0;363.3159670714289;2.1509944333590147;0.4452840654761908;0.1964111529932162
420.0;254.87069061309543;1.3876173582153182;0.325560654761905;0.1900834358718566
430.0;187.23801971428583;1.5326752752646229;0.26088436904761925;0.1900993286543512
440.0;156.3718874404763;1.145732688420034;0.23181663095238111;0.1812306898666921
450.0;156.92909017261917;1.4025361779608299;0.24071870833333353;0.17872780637082636
460.0;157.29879296428584;1.071881238145438;0.21564764285714302;0.1748020556946977
470.0;78.21047662500004;1.0373329521522272;0.1927564702380954;0.16800193890945767
480.0;134.15984082738106;1.005317436153387;0.206927023809524;0.17854382096230825
490.0;60.06810521428576;0.9184614191155751;0.1773144404761906;0.1719326803197598
500.0;96.46130780952389;0.9644088891515338;0.20420222619047634;0.17176067239775347
510.0;83.11514102976196;0.8825117984288834;0.18621624999999983;0.17923533139214154
520.0;64.91699563095243;0.9189616199295553;0.1747706785714287;0.16733779579092123
530.0;46.62092753571432;0.843070783390371;0.15551302380952395;0.16642257064651325
540.0;55.69938037500004;0.8782969524583415;0.177859142857143;0.1706006433242185
550.0;56.83375528571433;0.9449436969860323;0.15951012500000014;0.16653626492344228
560.0;38.497900702380974;0.8726087476246165;0.15369667857142866;0.16676499924220686
570.0;34.97396189880955;0.845137636821563;0.14733795833333344;0.16390312929318018
580.0;31.109565148809544;0.8074274367778163;0.1549682916666668;0.1619345641178183
590.0;33.10849250952383;0.932549915364923;0.15246112857142868;0.17190854787084975
