Sample;Frequency (GHz);LG (mV) mean;HG (mV) mean;LG (mV) std deviation;HG (mV) std deviation;LG (mV) variance;HG (mV) variance;Thickness (mm)
A1;100;51.10685463;0.007460109;28.3635286;0.728658267;804.4897548;0.53094287;0.2
A1;110;34.23082586;-0.005107013;25.71155302;0.736323613;661.0839589;0.542172463;0.2
A1;120;119.3938603;-0.016945955;30.85233802;0.749243649;951.866761;0.561366045;0.2
A1;130;37.16813858;-0.005439354;7.934722292;0.786844435;62.95981785;0.619124164;0.2
A1;140;95.28855852;-0.026514137;12.99738072;0.771449393;168.9319055;0.595134165;0.2
A1;150;63.91255575;-0.035844461;5.849707519;0.760062295;34.21907806;0.577694692;0.2
A1;160;27.96114531;-0.019182432;2.180981638;0.758118874;4.756680903;0.574744228;0.2
A1;170;9.059451488;0.09286047;4.286219779;0.774586261;18.37167999;0.599983876;0.2
A1;180;13.32047811;-0.004887019;3.284729076;0.762730178;10.7894451;0.581757325;0.2
A1;190;11.83808609;-0.0238043;2.624593998;0.773093119;6.888493654;0.59767297;0.2
A1;200;3.05343584;0.086520361;2.568375624;0.773410581;6.596553346;0.598163927;0.2
A1;210;5.578715163;0.176916139;1.047840309;0.778349249;1.097969314;0.605827553;0.2
A1;220;5.628318448;0.144445566;1.049922392;0.786156597;1.102337029;0.618042196;0.2
A1;230;1.137417979;938.2564005;0.938008512;94.61070012;0.879859969;8951.184578;0.2
A1;240;5.73950593;0.125363737;1.455177124;0.777711289;2.117540461;0.604834849;0.2
A1;250;1.905920966;0.093460779;0.962162627;0.968317948;0.92575692;0.937639648;0.2
A1;260;4.963176113;0.130878722;1.094800959;0.776694692;1.19858914;0.603254644;0.2
A1;270;3.15434436;0.222894064;1.014008613;0.773642025;1.028213468;0.598521983;0.2
A1;280;3.358516498;0.197166835;1.038027929;0.772977627;1.077501982;0.597494412;0.2
A1;290;0.849193093;704.0903676;0.992894413;45.31597612;0.985839315;2053.537691;0.2
A1;300;2.940916248;0.177654997;0.943061749;0.780394138;0.889365462;0.609015011;0.2
A1;310;1.178602671;287.0614394;0.978241911;41.37931398;0.956957237;1712.247625;0.2
A1;320;1.433823428;0.099373395;0.991024129;0.784622291;0.982128824;0.61563214;0.2
A1;330;1.296069187;2.381186034;0.915870854;2.982705153;0.838819422;8.896530029;0.2
A1;340;0.88052434;743.2019434;0.987681624;22.31905813;0.975514991;498.1403559;0.2
A1;350;0.588746634;484.5406648;1.064147793;32.39070351;1.132410525;1049.157674;0.2
A1;360;0.811048153;676.7844514;1.025204662;19.63890019;1.051044598;385.6864008;0.2
A1;370;0.313632014;283.0218934;0.943970465;14.49639015;0.891080239;210.1453275;0.2
A1;380;0.366058463;307.0045901;1.030663207;11.93879514;1.062266647;142.5348295;0.2
A1;390;0.550707447;456.0804794;0.988339014;15.32606078;0.976814006;234.8881389;0.2
A1;400;0.277545096;236.4618597;0.95608627;11.81676103;0.914100955;139.6358413;0.2
A1;410;0.307419859;257.8018548;0.905436018;14.64113931;0.819814383;214.3629603;0.2
A1;420;0.161087406;122.6214154;0.956116724;9.346931762;0.91415919;87.36513336;0.2
A1;430;0.217463043;187.3982138;0.923733205;10.71752202;0.853283034;114.8652783;0.2
A1;440;0.206461648;183.6075967;0.921283235;11.19241115;0.848762798;125.2700673;0.2
A1;450;0.165819154;134.3292565;0.94796073;11.32088861;0.898629546;128.1625189;0.2
A1;460;0.053020847;49.88352069;0.94231927;9.540855202;0.887965607;91.02791799;0.2
A1;470;0.096358279;100.9233452;0.929076761;9.894611394;0.863183629;97.90333464;0.2
A1;480;0.04015341;29.30678005;0.899929727;9.63491211;0.809873514;92.83153136;0.2
A1;490;0.090461696;69.48267909;0.933006989;10.07874933;0.870502042;101.5811881;0.2
A1;500;0.065688466;38.4093333;0.919284732;9.112467912;0.845084418;83.03707145;0.2
A1;510;0.011987695;15.23502012;0.910042732;8.789329861;0.828177773;77.25231941;0.2
A1;520;0.03998441;22.12417382;0.892974813;8.896429959;0.797404017;79.14646601;0.2
A1;530;0.058255278;43.02002602;0.893083606;9.072414715;0.797598328;82.30870875;0.2
A1;540;0.004950729;12.23094823;0.916153006;6.763855358;0.839336331;45.74973931;0.2
A1;550;0.0374177;15.75619747;0.867379202;6.789349504;0.752346681;46.09526669;0.2
A1;560;0.017607668;9.803926154;0.902253122;6.652346776;0.814060696;44.25371762;0.2
A1;570;0.016744959;10.87371498;0.888934608;6.689928497;0.790204737;44.7551433;0.2
A1;580;0.028979614;16.95827704;0.88849553;6.818264293;0.789424306;46.48872798;0.2
A1;590;0.008683052;11.94823103;0.896292553;6.627122242;0.803340341;43.91874922;0.2
A1;600;0.461366278;10.9563167;6.239944049;6.862682333;38.93690174;47.0964088;0.2
B1;100;133.7014387;0.033886398;45.55021571;0.723977174;2074.822151;0.524142948;0.57
B1;110;54.8998086;-0.017252215;33.95642084;0.69952932;1153.038516;0.489341269;0.57
B1;120;101.6600969;-0.000935211;24.72042723;0.730234313;611.0995222;0.533242152;0.57
B1;130;37.13386323;-0.018005359;5.866060479;0.754416836;34.41066554;0.569144763;0.57
B1;140;71.72442679;-0.019525688;17.83715018;0.771232633;318.1639264;0.594799775;0.57
B1;150;54.60222443;0.012680683;6.062245143;0.738611029;36.75081618;0.545546253;0.57
B1;160;34.46808142;0.010044783;4.290343754;0.75743784;18.40704953;0.573712081;0.57
B1;170;13.36945412;-0.009763688;4.845724792;0.751148654;23.48104876;0.564224301;0.57
B1;180;18.29172539;-0.012243531;4.305641034;0.738506049;18.53854471;0.545391184;0.57
B1;190;14.15637719;-0.025118087;3.18502031;0.755676689;10.14435437;0.571047258;0.57
B1;200;4.166527398;0.231537219;2.124783108;0.769723478;4.514703254;0.592474232;0.57
B1;210;10.06685704;0.020115379;3.112032307;0.771770867;9.684745077;0.595630272;0.57
B1;220;5.752800843;0.164693395;1.395993325;0.785066075;1.948797362;0.616328742;0.57
B1;230;0.523764101;452.7717215;0.930735254;42.17889223;0.866268113;1779.05895;0.57
B1;240;8.419982566;-0.009981768;1.218313268;0.789541904;1.48428722;0.623376418;0.57
B1;250;1.9402687;-0.001225836;1.133522562;0.785662386;1.284873399;0.617265385;0.57
B1;260;4.723001136;0.150679622;1.049790859;0.783271886;1.102060848;0.613514848;0.57
B1;270;3.685178676;0.197340797;1.037509552;0.793379646;1.07642607;0.629451262;0.57
B1;280;2.540002203;0.129702709;1.073338814;0.79387398;1.152056209;0.630235897;0.57
B1;290;1.193353132;497.3722508;0.978926684;185.1333527;0.958297453;34274.35828;0.57
B1;300;3.329797668;0.220536644;1.080857433;0.78654821;1.168252789;0.618658087;0.57
B1;310;1.355398492;72.12675483;1.05021497;37.67984616;1.102951484;1419.770807;0.57
B1;320;1.356788235;81.57809865;0.903121542;55.50338335;0.81562852;3080.625563;0.57
B1;330;1.360372008;1.362151149;0.921395142;3.179777185;0.848969007;10.11098294;0.57
B1;340;0.658745996;563.019446;0.942026141;26.74444215;0.887413251;715.2651861;0.57
B1;350;1.017804674;646.2962586;1.065279369;21.42387904;1.134820134;458.9825933;0.57
B1;360;0.648510816;523.388469;1.081668939;17.0857832;1.170007693;291.9239874;0.57
B1;370;0.334423985;292.4230906;0.979990987;12.41106211;0.960382334;154.0344626;0.57
B1;380;0.608836155;495.6955972;1.056246499;25.19115969;1.115656667;634.5945264;0.57
B1;390;0.550602262;478.1874674;0.982395689;16.18671893;0.96510129;262.0098699;0.57
B1;400;0.467133107;373.146187;0.996245056;11.18944593;0.992504212;125.2037003;0.57
B1;410;0.185319305;157.7723905;0.943605811;10.12200051;0.890391927;102.4548944;0.57
B1;420;0.204569379;202.3641094;0.982130152;9.229358414;0.964579636;85.18105673;0.57
B1;430;0.262844927;221.7364081;0.987292992;11.47947749;0.974747452;131.7784034;0.57
B1;440;0.228365123;208.2380644;0.992193324;9.78515045;0.984447593;95.74916934;0.57
B1;450;0.083105255;92.1988677;0.938175699;8.017252197;0.880173642;64.27633279;0.57
B1;460;0.039641021;41.42964475;0.933312564;7.321896178;0.871072342;53.61016364;0.57
B1;470;0.050939887;46.49796955;0.975365237;7.893863508;0.951337345;62.31308109;0.57
B1;480;0.057622853;41.13485157;0.918286508;7.566246589;0.843250111;57.24808744;0.57
B1;490;0.079454469;47.64388137;0.926212844;7.592872183;0.857870232;57.65170798;0.57
B1;500;0.018721935;24.75424424;0.905130852;7.052497638;0.819261858;49.73772293;0.57
B1;510;0.009196027;19.71386843;0.891055306;7.053500778;0.793979559;49.75187323;0.57
B1;520;0.044756613;28.57578436;0.909290905;7.604066749;0.82680995;57.82183113;0.57
B1;530;0.028595107;27.99909598;0.922933548;7.245938852;0.851806334;52.50362985;0.57
B1;540;0.036545769;13.89269885;0.890378828;7.150889918;0.792774458;51.13522662;0.57
B1;550;0.009186215;12.01954778;0.905436625;7.263966982;0.819815482;52.76521631;0.57
B1;560;0.015456364;11.36239576;0.885622402;7.030010074;0.78432704;49.42104164;0.57
B1;570;0.009766826;11.81583074;0.865891293;7.204646133;0.749767732;51.9069259;0.57
B1;580;0.032712988;14.58918303;0.889660613;7.256857613;0.791496007;52.66198241;0.57
B1;590;0.00738321;10.40439562;0.877487331;7.047889136;0.769984016;49.67274127;0.57
B1;600;0.039042714;11.18219829;0.893135365;7.313624017;0.79769078;53.48909626;0.57
C1;100;78.31280524;0.012912083;12.89877165;0.747400938;166.3783102;0.558608162;2.05
C1;110;47.27968111;-0.014898151;19.00648752;0.708833343;361.2465678;0.502444708;2.05
C1;120;128.5941822;0.000165708;30.63323708;0.7108018;938.3952137;0.505239198;2.05
C1;130;48.69442127;-0.001653381;6.80654367;0.748613744;46.32903673;0.560422537;2.05
C1;140;82.92989696;0.003411022;12.6027119;0.731754452;158.8283471;0.535464578;2.05
C1;150;54.20869749;0.002861632;7.415735476;0.747161696;54.99313265;0.5582506;2.05
C1;160;21.90181308;-0.006614675;3.295762129;0.755914336;10.86204801;0.571406483;2.05
C1;170;13.01673279;-0.004298269;2.736578366;0.752035254;7.488861155;0.565557023;2.05
C1;180;16.00109647;-0.003082744;3.560995401;0.736762406;12.68068825;0.542818842;2.05
C1;190;11.83691218;-0.00740738;2.563171204;0.746918941;6.569846619;0.557887904;2.05
C1;200;4.192353993;0.179841981;2.099845154;0.753275402;4.409349672;0.567423831;2.05
C1;210;5.380143302;0.217568748;1.138160512;0.749970983;1.295409351;0.562456476;2.05
C1;220;5.364282165;0.260951787;1.095134564;0.754929477;1.199319713;0.569918515;2.05
C1;230;2.03042083;28.10357167;0.884973909;31.17515031;0.783178819;971.8899967;2.05
C1;240;5.801874238;0.105606729;1.195869911;0.758541176;1.430104844;0.575384715;2.05
C1;250;1.249471494;728.9657279;0.966629837;23.53831483;0.934373242;554.052265;2.05
C1;260;4.001973808;0.235675385;1.070460903;0.783211165;1.145886544;0.613419728;2.05
C1;270;2.830091828;0.183167458;0.98901115;0.751735361;0.978143054;0.565106053;2.05
C1;280;2.260416505;0.059921891;1.029451959;0.760657469;1.059771337;0.578599785;2.05
C1;290;0.754814133;645.9773707;0.984290498;58.43390079;0.968827784;3414.520762;2.05
C1;300;1.96135064;0.012418827;0.933534428;0.769671865;0.871486529;0.59239478;2.05
C1;310;1.044027834;774.9540608;0.960024219;37.17603414;0.921646501;1382.057514;2.05
C1;320;1.052744615;815.5893757;1.022533932;34.69836627;1.045575642;1203.976622;2.05
C1;330;0.887626114;731.4691048;0.998091808;21.79295167;0.996187258;474.9327423;2.05
C1;340;0.480439287;387.2004881;0.963607804;12.70684245;0.928540001;161.4638452;2.05
C1;350;0.541576441;454.658209;0.993238529;12.60967389;0.986522776;159.0038757;2.05
C1;360;0.687768452;571.1641158;1.040175631;27.21231648;1.081965344;740.510168;2.05
C1;370;0.282997938;220.6824963;0.967135615;10.67658415;0.935351297;113.9894491;2.05
C1;380;0.292307109;233.176036;0.953090142;10.03877765;0.90838082;100.7770568;2.05
C1;390;0.262593816;219.0225917;0.942084247;9.946253307;0.887522728;98.92795484;2.05
C1;400;0.197761875;174.2892031;0.955782674;9.631547117;0.913520519;92.76669986;2.05
C1;410;0.158521813;111.7185753;0.910357244;10.03973348;0.828750311;100.7962483;2.05
C1;420;0.138140474;105.9820278;0.903970179;7.227560568;0.817162085;52.23763176;2.05
C1;430;0.215360108;176.1356729;0.940666813;8.054563182;0.884854053;64.87598805;2.05
C1;440;0.123645949;106.043581;0.949929107;6.97023636;0.902365308;48.58419491;2.05
C1;450;0.09221608;68.38650198;0.921037095;6.783061147;0.848309331;46.00991853;2.05
C1;460;0.023542838;23.90663047;0.914472591;6.452374895;0.836260119;41.63314179;2.05
C1;470;0.029871488;38.83473462;0.92322193;6.565422603;0.852338732;43.10477395;2.05
C1;480;0.046031478;29.03096952;0.891355339;6.613913251;0.794514341;43.74384849;2.05
C1;490;0.028895909;27.98845663;0.891306428;6.58039897;0.794427148;43.30165061;2.05
C1;500;0.015628194;20.81522684;0.903608932;6.255878626;0.816509102;39.13601739;2.05
C1;510;0.008766127;9.219274956;0.89995554;6.343910981;0.809919974;40.24520653;2.05
C1;520;0.009996453;11.56047812;0.8994389;6.244564415;0.808990335;38.99458473;2.05
C1;530;0.017119997;19.52517443;0.885125721;6.171105882;0.783447542;38.0825478;2.05
C1;540;0.012973311;10.16030068;0.861229925;6.474485149;0.741716984;41.91895795;2.05
C1;550;0.04758129;7.92674461;0.874369356;6.401862753;0.76452177;40.9838467;2.05
C1;560;0.01418349;7.409595488;0.860263683;6.450438344;0.740053604;41.60815483;2.05
C1;570;0.015453828;8.252545766;0.884522312;6.396246909;0.782379721;40.91197452;2.05
C1;580;0.017993217;8.581666501;0.863390431;6.56140793;0.745443036;43.05207402;2.05
C1;590;0.038715891;7.569283425;0.856758861;6.397190125;0.734035746;40.92404149;2.05
C1;600;0.019217113;9.024837001;0.861860478;6.403576066;0.742803483;41.00578644;2.05
D1;100;137.0944763;-0.002350575;55.28608882;0.759776829;3056.551617;0.57726083;3
D1;110;73.56817627;-0.010479391;43.57160545;0.7251137;1898.484802;0.525789879;3
D1;120;100.1964519;-0.012231755;28.91096779;0.785257182;835.8440584;0.616628841;3
D1;130;36.59779923;0.013882291;3.798443966;0.744381414;14.42817656;0.55410369;3
D1;140;55.86416725;-0.040182763;9.252790695;0.768482914;85.61413564;0.590565989;3
D1;150;58.94740486;-0.009971485;9.461339248;0.818544712;89.51694037;0.670015445;3
D1;160;23.73447542;-0.022783971;3.559411604;0.784322562;12.66941097;0.615161881;3
D1;170;5.79014039;0.210417323;2.988714163;0.797348825;8.93241235;0.635765148;3
D1;180;15.37297625;0.017061625;2.634557863;0.791674016;6.940895136;0.626747747;3
D1;190;9.414319173;-0.037959326;2.357942717;0.798656241;5.559893858;0.637851791;3
D1;200;2.523975155;2.010570116;1.544521294;5.096608561;2.385546028;25.97541882;3
D1;210;2.847004169;0.06703219;1.054131104;0.799234885;1.111192384;0.638776401;3
D1;220;4.45961448;0.262476142;1.020955806;0.790537614;1.042350757;0.624949719;3
D1;230;1.170848295;978.5970101;0.921875115;69.09608715;0.849853728;4774.269259;3
D1;240;4.470577022;0.207661585;1.356696131;0.791687383;1.840624392;0.626768912;3
D1;250;1.482839543;199.1660821;0.985093982;49.0167743;0.970410152;2402.644163;3
D1;260;2.68288563;0.072200433;1.093739982;0.78814129;1.196267147;0.621166693;3
D1;270;2.220627899;-0.003752678;1.034878149;0.784711595;1.070972782;0.615772287;3
D1;280;1.502664511;0.055882946;1.009702944;0.78323641;1.019500035;0.613459274;3
D1;290;0.502723029;410.0872006;1.034149718;14.23902242;1.069465639;202.7497593;3
D1;300;1.520704463;0.031279939;1.005668026;0.798747213;1.011368179;0.637997111;3
D1;310;0.802279762;651.2597471;1.021000337;19.28761072;1.042441689;372.0119271;3
D1;320;0.77158163;627.7941618;0.988716369;18.69918981;0.977560058;349.6596996;3
D1;330;0.55152429;454.4417073;0.998905687;15.08234625;0.997812571;227.4771685;3
D1;340;0.330568594;270.6734672;0.972014833;20.58370948;0.944812837;423.6890959;3
D1;350;0.361304131;312.2784536;1.018999729;11.49484358;1.038360448;132.131429;3
D1;360;0.35215992;289.3837643;1.050751846;16.15149446;1.104079442;260.8707732;3
D1;370;0.122627292;113.9838873;1.019417585;11.39337096;1.039212212;129.8089018;3
D1;380;0.257571905;211.2395223;1.017828982;9.804307582;1.035975837;96.12444716;3
D1;390;0.213717177;161.3613647;1.02228805;9.272036743;1.045072858;85.97066536;3
D1;400;0.105224529;102.0146329;0.982120399;8.350293983;0.964560478;69.7274096;3
D1;410;0.087297899;64.01213187;0.96719262;8.2558741;0.935461565;68.15945715;3
D1;420;0.093111248;61.25672015;0.964531186;8.600110633;0.930320409;73.9619029;3
D1;430;0.106406327;78.10609688;0.980670508;8.515291787;0.961714645;72.51019422;3
D1;440;0.081885462;58.92664562;0.951481627;8.484776568;0.905317287;71.9914334;3
D1;450;0.062900594;27.32026318;0.971848483;8.748648869;0.944489475;76.53885703;3
D1;460;0.037240436;13.90178179;0.95740907;8.75879858;0.916632127;76.71655256;3
D1;470;0.004829322;29.62154312;0.953825315;8.70848696;0.909782732;75.83774513;3
D1;480;0.015781567;11.63463597;0.943767874;8.710239546;0.890697799;75.86827295;3
D1;490;0.041906394;17.09877256;0.943788728;8.243554053;0.890737163;67.95618343;3
D1;500;0.00467922;10.28222784;0.930012882;8.355944615;0.864923961;69.8218104;3
D1;510;0.015593562;8.115366592;0.915216575;8.343216498;0.837621379;69.60926153;3
D1;520;0.040746809;11.95849116;0.893703252;8.433953895;0.798705502;71.1315783;3
D1;530;0.037130822;10.60868415;0.911509779;8.599865508;0.830850077;73.95768676;3
D1;540;-0.01560546;5.985761576;0.898842021;8.401162718;0.807916979;70.57953501;3
D1;550;0.012496291;6.653151393;0.922695528;8.562515995;0.851367037;73.31668017;3
D1;560;0.006606688;6.152762458;0.900547124;8.566353639;0.810985122;73.38241466;3
D1;570;-0.012204568;6.471622247;0.888376056;8.711514849;0.789212018;75.89049096;3
D1;580;0.014259298;7.66449209;0.881819139;8.626106601;0.777604994;74.4097151;3
D1;590;-0.00496859;6.753567899;0.889270069;8.510690025;0.790801256;72.43184471;3
D1;600;0.004827795;6.413589938;0.876422924;8.717783795;0.768117142;75.99975429;3
E1;100;62.17325496;-0.001712511;29.16045928;0.727948239;850.3323855;0.529908639;0.1
E1;110;37.04553111;-0.014663256;26.65039512;0.742691915;710.2435602;0.55159128;0.1
E1;120;60.48265854;-0.023133881;15.69476054;0.752173726;246.3255085;0.565765314;0.1
E1;130;29.26115949;-0.005910727;8.746523588;0.764749622;76.50167487;0.584841984;0.1
E1;140;70.45142008;0.018196369;12.68937821;0.764004709;161.0203194;0.583703195;0.1
E1;150;60.71197484;0.022141033;8.063024106;0.763107046;65.01235774;0.582332363;0.1
E1;160;25.09673264;-0.021251037;4.654642834;0.76700145;21.66569991;0.588291224;0.1
E1;170;14.31469698;-0.018920957;3.6213074;0.77587398;13.11386728;0.601980433;0.1
E1;180;17.19954301;4.17E-05;2.944855372;0.769274885;8.67217316;0.591783848;0.1
E1;190;12.98280191;0.005948614;3.059200201;0.774484972;9.358705872;0.599826972;0.1
E1;200;2.48256492;0.105482289;1.809160837;0.788061175;3.273062935;0.621040415;0.1
E1;210;6.606690646;0.142325604;3.610319353;0.782121773;13.03440583;0.611714468;0.1
E1;220;4.215510594;0.246967938;1.199080583;0.779623865;1.437794246;0.60781337;0.1
E1;230;2.72411923;0.036013895;0.983008006;0.785756238;0.96630474;0.617412866;0.1
E1;240;4.997072648;0.208860685;1.148240682;0.762550728;1.318456664;0.581483612;0.1
E1;250;1.99398153;-0.009000597;0.979687719;0.771716582;0.959788027;0.595546484;0.1
E1;260;4.85604392;0.153785656;1.270932256;0.774854043;1.615268799;0.600398788;0.1
E1;270;2.897462761;0.16235575;1.080573946;0.747679928;1.167640052;0.559025274;0.1
E1;280;2.305856849;0.027247448;1.053306599;0.779975623;1.109454792;0.608361973;0.1
E1;290;0.899554718;746.9854183;1.037361499;39.83367372;1.07611888;1586.721562;0.1
E1;300;2.114497202;0.034186682;0.970487962;0.767332862;0.941846884;0.588799721;0.1
E1;310;1.375159126;0.673040417;1.030373174;0.912071165;1.061668878;0.83187381;0.1
E1;320;1.465816591;0.047006935;0.965958926;0.773323436;0.933076647;0.598029136;0.1
E1;330;1.331626662;0.546447616;0.925885257;1.24886248;0.857263509;1.559657494;0.1
E1;340;0.806415169;668.8839417;0.916973586;41.86612302;0.840840557;1752.772257;0.1
E1;350;0.496977845;438.881248;0.995793785;17.82309405;0.991605263;317.6626815;0.1
E1;360;0.993464495;600.4362224;1.001925452;21.51318246;1.003854612;462.8170195;0.1
E1;370;0.332578296;281.1319346;0.988062894;11.98683264;0.976268283;143.6841568;0.1
E1;380;0.516160689;398.1849897;1.01944582;14.24303272;1.039269779;202.863981;0.1
E1;390;0.510856869;427.404246;0.970371458;13.7400551;0.941620767;188.7891142;0.1
E1;400;0.290414233;233.2760628;0.955806188;12.24673851;0.91356547;149.9826042;0.1
E1;410;0.223634907;179.5809966;0.956627188;10.47640607;0.915135577;109.7550841;0.1
E1;420;0.143648013;112.1689521;0.959190638;8.238514992;0.92004668;67.87312927;0.1
E1;430;0.223238181;160.4585507;0.948188934;10.45550485;0.899062254;109.3175816;0.1
E1;440;0.166695509;151.1996768;0.944843598;9.041614298;0.892729425;81.75078912;0.1
E1;450;0.109365561;97.05692647;0.951464978;8.083242725;0.905285604;65.33881296;0.1
E1;460;0.056263326;28.20432657;0.93759155;7.694478388;0.879077916;59.20499766;0.1
E1;470;0.107267042;87.6133875;0.93490161;8.09268866;0.87404102;65.49160974;0.1
E1;480;0.010879651;22.63907481;0.928918129;7.710099247;0.862888891;59.4456304;0.1
E1;490;0.068076242;46.02686593;0.938963468;8.080654589;0.881652394;65.29697859;0.1
E1;500;0.044086331;27.85035804;0.923569148;7.761405252;0.852979971;60.23941148;0.1
E1;510;0.002767578;16.51771622;0.923669149;7.552564536;0.853164697;57.04123107;0.1
E1;520;0.053798932;30.49922;0.904387021;7.831872529;0.817915884;61.33822731;0.1
E1;530;0.032389157;27.15580407;0.9118705;7.834887717;0.831507809;61.38546554;0.1
E1;540;-0.005778251;9.840294673;0.882719031;7.619593492;0.779192889;58.05820499;0.1
E1;550;0.030670478;15.34108713;0.905797899;7.860544257;0.820469835;61.78815601;0.1
E1;560;-0.02020857;10.62224734;0.909412349;7.589663406;0.82703082;57.60299062;0.1
E1;570;0.007363111;9.753753506;0.886571092;7.635727821;0.786008302;58.30433936;0.1
E1;580;0.033184371;12.52876241;0.899567849;7.659671138;0.809222314;58.67056195;0.1
E1;590;0.013372583;10.09609674;0.88034001;7.624099771;0.774998533;58.12689732;0.1
E1;600;-0.005515788;11.83790931;0.881591109;7.772165641;0.777202884;60.40655875;0.1
E2;100;91.16264014;0.010814234;31.72136553;0.721516019;1006.245031;0.520585366;0.2
E2;110;37.39020363;-0.017701819;24.53029415;0.727678313;601.7353313;0.529515727;0.2
E2;120;92.59965812;-0.026200311;23.65870945;0.747290336;559.7345328;0.558442847;0.2
E2;130;30.64683668;-0.005293467;7.712545505;0.74669478;59.48335816;0.557553094;0.2
E2;140;71.88742295;-0.010876094;13.09937682;0.765618375;171.5936731;0.586171497;0.2
E2;150;69.41866389;-0.02946563;8.901653258;0.75063774;79.23943073;0.563457017;0.2
E2;160;29.29402156;-0.034847359;1.7783147;0.740790458;3.162403172;0.548770502;0.2
E2;170;9.580564508;0.048762002;4.110767563;0.743731284;16.89840996;0.553136223;0.2
E2;180;16.35166126;-0.008918939;5.895403184;0.752625414;34.7557787;0.566445013;0.2
E2;190;11.29525637;-0.016497372;2.151832206;0.733193249;4.630381843;0.537572341;0.2
E2;200;3.952771298;0.208113553;3.102046444;0.771012893;9.622692139;0.594460881;0.2
E2;210;1.461013256;7.325437859;3.596431488;7.214368596;12.93431945;52.04711425;0.2
E2;220;3.081498179;52.64637314;1.655869732;107.4585257;2.741904571;11547.33474;0.2
E2;230;3.122178569;0.107283828;1.03093601;0.781207031;1.062829056;0.610284425;0.2
E2;240;2.244834476;45.85265387;1.333631632;72.2566251;1.778573329;5221.019871;0.2
E2;250;1.414163514;408.8974675;1.006102601;38.18739148;1.012242444;1458.276868;0.2
E2;260;5.16363623;0.069997242;1.165970653;0.785131415;1.359487565;0.616431339;0.2
E2;270;1.768416607;0.060904303;1.038712589;0.781767515;1.078923843;0.611160447;0.2
E2;280;2.052496429;0.007049862;1.02531724;0.775062095;1.051275442;0.600721251;0.2
E2;290;1.780177294;-0.006746168;0.994192199;0.779474337;0.988418128;0.607580241;0.2
E2;300;1.753181048;0.032686002;1.030560325;0.773329725;1.062054583;0.598038864;0.2
E2;310;1.116162867;477.4703594;0.94150664;107.9026753;0.886434753;11642.98733;0.2
E2;320;1.21820063;382.3051312;1.100032815;152.904315;1.210072193;23379.72954;0.2
E2;330;0.895721556;725.7279548;0.991626687;43.11753373;0.983323487;1859.121715;0.2
E2;340;0.36824678;290.749212;0.950822353;16.01159981;0.904063147;256.3713286;0.2
E2;350;0.398381254;355.5768114;0.962137082;22.05194637;0.925707764;486.2883389;0.2
E2;360;0.461267391;367.7545034;1.011315947;14.17032265;1.022759945;200.7980441;0.2
E2;370;0.278761882;229.4079541;0.972569745;13.2663226;0.945891909;175.9953153;0.2
E2;380;0.202084175;215.6163992;0.995442073;9.76958269;0.990904921;95.44474593;0.2
E2;390;0.427904166;332.1660192;0.901594867;26.39096357;0.812873304;696.4829583;0.2
E2;400;0.237440077;193.25325;0.987388429;12.02801667;0.97493591;144.673185;0.2
E2;410;0.158891459;127.2980453;0.943022651;8.742035582;0.889291721;76.42318612;0.2
E2;420;0.085401042;72.84705544;0.946204739;9.32988013;0.895303408;87.04666324;0.2
E2;430;0.100467176;78.50298155;0.978144759;8.646560218;0.95676717;74.76300361;0.2
E2;440;0.086890876;91.4142564;0.982124734;10.39954336;0.964568993;108.1505021;0.2
E2;450;0.068672934;60.01792271;0.983578863;8.521323011;0.96742738;72.61294586;0.2
E2;460;0.065401392;56.98854115;0.912547876;9.122410649;0.832743627;83.21837604;0.2
E2;470;0.046958856;37.73343369;0.951401242;7.733934975;0.905164324;59.8137502;0.2
E2;480;0.0176584;32.67457405;0.91490309;7.85430682;0.837047664;61.69013562;0.2
E2;490;0.038242609;31.26514584;0.913143136;7.858692417;0.833830387;61.7590465;0.2
E2;500;0.046983002;36.34225425;0.896928413;8.868963188;0.804480577;78.65850803;0.2
E2;510;0.012478426;13.2436835;0.894906528;7.356391959;0.800857693;54.11650266;0.2
E2;520;0.011367777;18.58908224;0.922876036;7.50784604;0.851700179;56.36775216;0.2
E2;530;0.021980042;22.6714906;0.902642639;7.589872369;0.814763734;57.60616258;0.2
E2;540;-0.01708722;10.62738429;0.887867911;7.408336265;0.788309428;54.88344622;0.2
E2;550;0.000240087;9.55878006;0.877906451;7.544496919;0.770719737;56.91943376;0.2
E2;560;0.023222078;8.611249681;0.883452615;7.548255875;0.780488523;56.97616675;0.2
E2;570;0.038997233;8.711185892;0.900575178;7.506339502;0.811035651;56.34513273;0.2
E2;580;0.037803443;10.23323195;0.856711632;7.38845175;0.733954821;54.58921926;0.2
E2;590;0.046662099;11.88546694;0.862903176;7.468046425;0.744601892;55.77171741;0.2
E2;600;0.025636974;8.669048297;0.867154947;7.494262386;0.751957701;56.16396871;0.2
E3;100;12.21357952;-0.022669704;2.071138297;0.764770527;4.289613846;0.58487396;0.1
E3;110;52.21244973;0.003689567;30.69146531;0.723885663;941.9660426;0.524010454;0.1
E3;120;95.19525496;-0.020725176;20.93674838;0.73369929;438.3474328;0.538314648;0.1
E3;130;39.34894077;-0.005462913;9.074996695;0.757821597;82.35556501;0.574293573;0.1
E3;140;71.33893442;-0.003045147;14.25615859;0.75598446;203.2380577;0.571512504;0.1
E3;150;65.04323925;-0.026949153;5.939187317;0.749415187;35.27394599;0.561623122;0.1
E3;160;29.16681214;-0.007492103;4.044106137;0.742810563;16.35479445;0.551767532;0.1
E3;170;9.21384055;0.080165857;4.125549518;0.75347261;17.02015882;0.567720974;0.1
E3;180;17.19884382;-0.008300176;2.817590078;0.773025459;7.93881385;0.59756836;0.1
E3;190;13.0304186;-0.018497833;2.759346042;0.768494359;7.61399058;0.59058358;0.1
E3;200;3.3421895;0.142996301;2.989469474;0.751073815;8.936927733;0.564111875;0.1
E3;210;12.11367807;-0.011260797;1.948457282;0.774984236;3.79648578;0.600600566;0.1
E3;220;4.967968789;0.24722736;1.056886196;0.751264548;1.117008431;0.56439842;0.1
E3;230;1.639982122;502.7653047;0.895674533;199.913566;0.802232869;39965.43386;0.1
E3;240;6.951716088;0.045822312;1.371766825;0.761323138;1.881744223;0.57961292;0.1
E3;250;1.590508889;129.1983963;0.927811822;112.684771;0.860834776;12697.85761;0.1
E3;260;5.117794277;0.109742598;1.053506263;0.752111115;1.109875446;0.565671129;0.1
E3;270;3.308639355;0.22375197;1.014479926;0.75800311;1.029169519;0.574568715;0.1
E3;280;3.229147949;0.192046568;1.00291927;0.77332344;1.005847063;0.598029143;0.1
E3;290;1.142959924;575.1915046;0.967612994;115.7636744;0.936274905;13401.22831;0.1
E3;300;2.548183109;0.158315658;1.037417992;0.785663927;1.07623609;0.617267806;0.1
E3;310;1.577859472;0.004148752;1.052425652;0.745172429;1.107599752;0.555281949;0.1
E3;320;1.35455321;41.79435258;1.018344165;51.96568676;1.037024838;2700.432601;0.1
E3;330;1.201558847;191.1038997;1.045648197;53.86678397;1.093380151;2901.630416;0.1
E3;340;0.908470387;759.6463668;1.029603692;41.37281644;1.060083763;1711.70994;0.1
E3;350;0.692368269;552.2177621;0.967594631;35.25843705;0.93623937;1243.157383;0.1
E3;360;0.638300658;537.2835823;1.062949511;25.69408446;1.129861662;660.1859763;0.1
E3;370;0.411084723;351.1554932;0.910958997;17.28225553;0.829846295;298.6763562;0.1
E3;380;0.476521029;395.7089573;0.975885725;15.40096232;0.952352949;237.1896403;0.1
E3;390;0.448793777;369.9678082;0.911083424;27.99161688;0.830073006;783.5306155;0.1
E3;400;0.302409648;268.0113615;0.918905235;16.81439893;0.844386832;282.7240113;0.1
E3;410;0.292549932;246.6644077;0.937248415;21.64486583;0.878434592;468.5002169;0.1
E3;420;0.15923297;138.5135169;0.936997359;14.31490098;0.877964051;204.91639;0.1
E3;430;0.174633718;156.6945293;0.919405911;9.5024766;0.845307228;90.29706152;0.1
E3;440;0.15255723;131.2700794;0.932823344;9.112974955;0.870159392;83.04631253;0.1
E3;450;0.104865524;95.07101333;0.931238584;8.284563367;0.8672053;68.63399019;0.1
E3;460;0.055320474;45.85038303;0.89327678;9.003519398;0.797943405;81.06336155;0.1
E3;470;0.063698394;51.64042352;0.94766434;9.227315006;0.898067701;85.14334223;0.1
E3;480;0.063547426;38.17129308;0.884421038;8.443860873;0.782200572;71.29878645;0.1
E3;490;0.034314039;48.62681339;0.914163203;8.770144131;0.835694361;76.91542809;0.1
E3;500;0.042308172;34.48998323;0.892689573;8.925761497;0.796894674;79.66921831;0.1
E3;510;0.032302711;14.67573527;0.912312249;8.349549622;0.832313639;69.71497889;0.1
E3;520;-0.012053004;11.58147387;0.88771289;8.430316467;0.788034175;71.07023574;0.1
E3;530;0.07054667;21.38700035;0.864894585;8.430658585;0.748042644;71.07600418;0.1
E3;540;0.020634126;13.7469097;0.863005784;8.501262175;0.744778984;72.27145856;0.1
E3;550;0.009372772;10.22469652;0.907859127;8.24927146;0.824208195;68.05047962;0.1
E3;560;0.012689862;8.824850491;0.844474646;8.193120528;0.713137428;67.12722398;0.1
E3;570;-0.000193243;11.71510776;0.867370925;8.443852921;0.752332321;71.29865215;0.1
E3;580;0.021267702;14.92761783;0.879702117;8.159446731;0.773875814;66.57657096;0.1
E3;590;0.038776555;10.55951752;0.853524025;8.420890654;0.728503261;70.91139941;0.1
E3;600;0.003437779;13.082114;0.844696991;8.808963101;0.713513007;77.59783092;0.1
F1;100;129.2763279;-0.020499803;52.1766397;0.765905632;2722.40173;0.586611437;0.29
F1;110;54.21739218;0.004892199;33.63324627;0.686830568;1131.195255;0.471736228;0.29
F1;120;122.6647222;-0.008644963;32.71539212;0.753785144;1070.296882;0.568192044;0.29
F1;130;70.6173787;-0.005468509;6.967896997;0.736075571;48.55158856;0.541807246;0.29
F1;140;68.21825397;-0.035339787;11.50402822;0.734948787;132.3426652;0.540149719;0.29
F1;150;66.62581575;0.00179016;5.8413156;0.730498062;34.12096794;0.533627419;0.29
F1;160;28.97278352;-0.003950521;1.887129048;0.736272527;3.561256042;0.542097234;0.29
F1;170;13.08468334;-0.001549491;3.812777535;0.739082633;14.53727253;0.546243138;0.29
F1;180;17.12944546;-0.024465843;1.833732045;0.755445231;3.362573214;0.570697497;0.29
F1;190;12.91445954;0.000436975;2.514970961;0.734605015;6.325078932;0.539644528;0.29
F1;200;3.898323718;0.231684673;3.129478156;0.770336574;9.793633526;0.593418437;0.29
F1;210;5.444087784;63.67994497;4.406130905;63.27166967;19.41398955;4003.304183;0.29
F1;220;4.529028377;0.255127143;1.768551457;0.769422697;3.127774256;0.592011287;0.29
F1;230;0.652237186;542.5773377;1.01290634;36.52555493;1.025979254;1334.116163;0.29
F1;240;7.271726131;0.010111988;1.282667825;0.777978599;1.645236749;0.605250701;0.29
F1;250;1.216617005;782.7040921;1.149093977;118.2033246;1.320416968;13972.02596;0.29
F1;260;4.334781209;0.21114686;0.996120228;0.778472375;0.992255508;0.606019239;0.29
F1;270;3.271940736;0.22962956;0.979922735;0.762035376;0.960248566;0.580697914;0.29
F1;280;2.822894122;0.171908163;1.045425801;0.743932325;1.092915105;0.553435304;0.29
F1;290;1.085842628;807.9979675;0.979741691;63.85765307;0.959893781;4077.799856;0.29
F1;300;3.799267462;0.217154652;1.106858264;0.763354422;1.225135218;0.582709974;0.29
F1;310;1.391511484;1.908807329;0.965116064;3.141727758;0.931449017;9.870453305;0.29
F1;320;1.279295899;201.4617762;1.03221115;20.80430934;1.065459858;432.819287;0.29
F1;330;1.291657459;82.92545519;1.083835455;43.11566342;1.174699294;1858.960433;0.29
F1;340;0.6405605;536.8448039;1.009378247;21.63355743;1.018844445;468.010807;0.29
F1;350;0.921700481;759.9200726;1.095209702;35.14714884;1.199484292;1235.322071;0.29
F1;360;0.653176298;556.1813203;1.134979039;35.94125488;1.288177419;1291.773802;0.29
F1;370;0.50725721;432.3944243;0.975070646;14.87915188;0.950762764;221.3891606;0.29
F1;380;0.419887967;351.0356704;1.002436532;14.38738985;1.004879001;206.9969867;0.29
F1;390;1.047399041;477.7989883;0.993655155;16.24088871;0.987350568;263.7664662;0.29
F1;400;0.569311163;474.6045407;0.954891805;18.85664491;0.911818359;355.5730572;0.29
F1;410;0.456595425;378.044823;0.917987015;17.66224334;0.842700159;311.9548398;0.29
F1;420;0.283244227;245.9701119;0.930116863;9.451694253;0.86511738;89.33452425;0.29
F1;430;0.374501836;291.0137391;0.992191658;14.44053673;0.984444287;208.5291011;0.29
F1;440;0.315376613;254.4464005;0.922172285;9.56182585;0.850401722;91.42851358;0.29
F1;450;0.34992863;298.5949506;0.918772287;10.29980557;0.844142515;106.0859948;0.29
F1;460;0.168686971;125.1615543;0.859551539;10.42360003;0.738828849;108.6514375;0.29
F1;470;0.169630748;152.3646717;0.956834171;9.825181562;0.915531632;96.53419273;0.29
F1;480;0.155048215;107.5653007;0.858195387;9.703687904;0.736499323;94.16155894;0.29
F1;490;0.097006009;80.75771345;0.932350426;7.109995092;0.869277317;50.55203021;0.29
F1;500;0.117723573;102.810017;0.88303727;7.550386427;0.779754819;57.0083352;0.29
F1;510;0.075582403;71.45175167;0.889961658;6.801107833;0.792031753;46.25506776;0.29
F1;520;0.071782744;61.21327441;0.897576137;7.120092141;0.805642922;50.6957121;0.29
F1;530;0.051954629;55.20906571;0.898535834;6.937533882;0.807366645;48.12937637;0.29
F1;540;0.079964377;55.3905136;0.891552473;6.774157894;0.794865812;45.88921517;0.29
F1;550;0.023501511;42.2243176;0.892851413;6.826086909;0.797183646;46.59546249;0.29
F1;560;0.042788038;37.7693229;0.881407696;6.825965927;0.776879527;46.59381084;0.29
F1;570;0.037462672;29.65613946;0.89572402;6.96987475;0.80232152;48.57915403;0.29
F1;580;0.032699917;38.92074121;0.872031153;7.017350816;0.760438331;49.24321247;0.29
F1;590;0.062828205;40.28317896;0.842148849;6.992551464;0.709214684;48.89577598;0.29
F1;600;0.024757072;27.81470231;0.860508581;6.768107466;0.740475018;45.80727867;0.29
G1;100;106.6266279;-0.006814236;40.30803643;0.713266469;1624.737801;0.508749055;0.1
G1;110;53.05585934;-0.016739272;28.83183167;0.704125986;831.2745173;0.495793404;0.1
G1;120;154.4354228;0.014610583;51.69224224;0.717676886;2672.087907;0.515060113;0.1
G1;130;50.51134143;-0.026399454;5.815546688;0.718302335;33.82058328;0.515958245;0.1
G1;140;60.14301861;-0.011084211;5.978531806;0.733142688;35.74284256;0.537498202;0.1
G1;150;65.95594145;-0.005871107;8.182876588;0.756103109;66.95946925;0.571691912;0.1
G1;160;30.55562439;-0.025399207;3.000288151;0.748477525;9.001728989;0.560218605;0.1
G1;170;17.02490994;-0.001270019;1.934851773;0.732462358;3.743651383;0.536501105;0.1
G1;180;21.70365472;-0.024105363;4.302797088;0.728647747;18.51406278;0.53092754;0.1
G1;190;12.61655382;-0.032452498;2.943645058;0.742845315;8.665046228;0.551819161;0.1
G1;200;5.887452061;0.173824095;3.399781981;0.743602671;11.55851752;0.552944932;0.1
G1;210;4.93524328;0.256403164;1.868841024;0.754688006;3.492566772;0.569553986;0.1
G1;220;4.757910741;0.261404121;1.782056824;0.741305039;3.175726523;0.549533161;0.1
G1;230;1.07521809;872.4954331;0.907912913;59.41682839;0.824305858;3530.359495;0.1
G1;240;5.843382559;0.096305852;1.63173718;0.760919172;2.662566224;0.578997986;0.1
G1;250;1.439255814;357.2712596;1.129484011;134.057591;1.275734131;17971.43771;0.1
G1;260;4.552762776;0.207663413;1.133935521;0.775823603;1.285809767;0.601902263;0.1
G1;270;2.932367041;0.15239146;1.006587066;0.752271653;1.013217521;0.56591264;0.1
G1;280;2.018011125;0.020815489;1.083237237;0.766677354;1.173402912;0.587794165;0.1
G1;290;1.371865143;65.24641891;0.954910243;43.05955817;0.911853572;1854.12555;0.1
G1;300;2.133969805;0.055185529;1.003591065;0.742771793;1.007195026;0.551709937;0.1
G1;310;1.148975654;472.1826782;0.923768041;78.56577463;0.853347393;6172.580943;0.1
G1;320;1.230923943;392.1342696;0.969040916;34.13611181;0.939040298;1165.274129;0.1
G1;330;1.205130876;186.2034293;0.989762371;25.24525443;0.979629552;637.322871;0.1
G1;340;0.548166938;452.3547809;1.013580064;18.56401578;1.027344547;344.6226817;0.1
G1;350;0.463049424;372.6336806;0.983044086;15.37507152;0.966375676;236.3928243;0.1
G1;360;0.205636519;167.1409368;1.014694541;11.61812581;1.029605012;134.9808473;0.1
G1;370;0.386867941;324.8616511;0.935870596;14.59018595;0.875853773;212.8735261;0.1
G1;380;0.23190876;172.0952275;0.907142745;11.12719865;0.822907959;123.8145499;0.1
G1;390;0.650248893;541.3866346;0.895290505;24.11929392;0.801545088;581.7403394;0.1
G1;400;0.24110911;219.9962403;0.935335477;11.70543404;0.874852454;137.017186;0.1
G1;410;0.322210162;267.8122647;0.879827745;16.71159896;0.77409686;279.2775398;0.1
G1;420;0.19005565;157.5945175;0.940590113;8.458036879;0.884709761;71.53838785;0.1
G1;430;0.146854927;141.0861467;0.933749379;8.242865488;0.871887902;67.94483146;0.1
G1;440;0.083738987;93.47667419;0.895615628;7.880791224;0.802127353;62.10687032;0.1
G1;450;0.141320888;131.033545;0.946629291;9.437973441;0.896107015;89.07534268;0.1
G1;460;0.134509084;105.989102;0.851538629;12.87454307;0.725118037;165.7538592;0.1
G1;470;0.08201517;53.05374993;0.891942611;8.232379175;0.795561621;67.77206689;0.1
G1;480;0.052665009;62.704747;0.877289984;7.4453138;0.769637716;55.43269759;0.1
G1;490;0.077679471;56.1403187;0.89121625;8.153366439;0.794266404;66.47738429;0.1
G1;500;0.082712117;45.13150179;0.867819903;7.291755526;0.753111383;53.16969864;0.1
G1;510;0.048027511;52.61082434;0.89217145;7.793443482;0.795969896;60.73776131;0.1
G1;520;0.03911785;31.83091514;0.891266856;7.141710174;0.794356609;51.00402421;0.1
G1;530;0.038900901;31.4516221;0.872459504;7.696527087;0.761185586;59.2365292;0.1
G1;540;0.059035165;34.41819788;0.868007068;7.112525093;0.75343627;50.5880132;0.1
G1;550;0.055545286;31.77562987;0.871635726;7.260129648;0.759748838;52.7094825;0.1
G1;560;0.086685037;43.70630019;0.878430023;7.213883636;0.771639304;52.04011711;0.1
G1;570;0.071537221;33.77852368;0.884235404;7.388640062;0.78187225;54.59200197;0.1
G1;580;0.01647115;30.5712135;0.856655942;7.269608491;0.733859404;52.84720761;0.1
G1;590;0.046955849;36.56081881;0.849307854;7.177301693;0.721323831;51.51365959;0.1
G1;600;0.040148605;23.30905031;0.862468158;7.214609833;0.743851323;52.05059505;0.1
H1;100;54.23696572;-0.019956834;28.60801223;0.73818256;818.4183636;0.544913492;0.07
H1;110;48.58758088;-0.026444936;23.23602456;0.730482288;539.9128371;0.533604373;0.07
H1;120;154.29587;-0.014100684;52.25053189;0.751088701;2730.118083;0.564134237;0.07
H1;130;48.2965209;-0.00831098;4.944632835;0.774569219;24.44939387;0.599957475;0.07
H1;140;70.1384423;0.004423734;6.449509071;0.779502866;41.59616726;0.607624718;0.07
H1;150;61.74133289;-0.005530902;10.48090394;0.750760912;109.8493475;0.563641947;0.07
H1;160;34.25018018;-0.011599194;2.916284273;0.761088586;8.504713963;0.579255835;0.07
H1;170;19.81745332;-0.004200292;3.571753806;0.778291294;12.75742525;0.605737339;0.07
H1;180;18.24418845;0.007879269;4.309867096;0.763060845;18.57495438;0.582261853;0.07
H1;190;13.27625846;-0.015395608;3.406770611;0.754958368;11.606086;0.569962137;0.07
H1;200;4.420469285;0.249443418;3.292182008;0.757915363;10.83846237;0.574435697;0.07
H1;210;6.308220504;0.144776915;1.740420888;0.779660401;3.029064868;0.607870341;0.07
H1;220;5.309164489;0.253542144;1.396077327;0.801465504;1.949031904;0.642346955;0.07
H1;230;1.225580343;1008.216108;1.006334619;35.59754709;1.012709366;1267.185359;0.07
H1;240;4.85013801;0.196499118;1.692429024;0.782010022;2.864316001;0.611539674;0.07
H1;250;0.962891467;812.4319517;1.040102279;40.45233204;1.081812751;1636.391168;0.07
H1;260;7.433118956;-0.040082821;1.333141868;0.75188192;1.77726724;0.565326422;0.07
H1;270;3.597664978;0.223188363;1.067695947;0.773301966;1.139974635;0.597995931;0.07
H1;280;2.799570528;0.202862319;1.054272731;0.771543504;1.111490991;0.595279378;0.07
H1;290;1.07869208;822.7177158;1.010688841;35.35746842;1.021491933;1250.150573;0.07
H1;300;2.496012906;0.104047998;1.022124103;0.789508176;1.044737682;0.62332316;0.07
H1;310;1.17196223;458.5253933;1.060121712;26.6553816;1.123858044;710.5093681;0.07
H1;320;1.175478841;434.1546628;0.99954453;42.27880052;0.999089268;1787.496973;0.07
H1;330;1.347984477;0.736923061;1.116605922;1.730475406;1.246808785;2.994545132;0.07
H1;340;0.558382554;493.0966822;1.030990973;22.28487651;1.062942385;496.615721;0.07
H1;350;0.648470281;548.7077757;1.012963492;21.64924815;1.026095035;468.6899453;0.07
H1;360;0.563246825;471.5213385;1.13805154;49.26117107;1.295161308;2426.662976;0.07
H1;370;0.387358266;315.1554154;0.997687564;13.55988184;0.995380476;183.8703955;0.07
H1;380;0.37757399;320.3544061;1.124811411;25.69847596;1.26520071;660.4116666;0.07
H1;390;0.717325533;596.2915173;0.939368189;29.68387785;0.882412594;881.1326042;0.07
H1;400;0.299345452;250.6724098;1.023457924;16.27052732;1.047466123;264.7300594;0.07
H1;410;0.268316959;212.7710104;0.997863038;12.43001792;0.995730643;154.5053455;0.07
H1;420;0.292717062;250.0117534;0.974643967;12.13432441;0.949930862;147.241829;0.07
H1;430;0.258204597;228.6585277;0.976890031;12.60125708;0.954314133;158.7916799;0.07
H1;440;0.148405603;118.5909458;0.965067533;7.999895624;0.931355342;63.99832999;0.07
H1;450;0.177814561;148.4366834;0.946880129;8.767978033;0.896581979;76.87743878;0.07
H1;460;0.15312517;91.08215242;0.947886547;7.856264184;0.898488906;61.72088693;0.07
H1;470;0.142850204;131.2832689;0.980429231;7.773764385;0.961241478;60.43141271;0.07
H1;480;0.062069036;48.79962949;0.938482755;7.000178507;0.880749882;49.00249914;0.07
H1;490;0.114748074;103.4787507;0.938578927;8.639500207;0.880930402;74.64096383;0.07
H1;500;0.07651368;59.98576411;0.924251666;7.933673948;0.854241142;62.94318232;0.07
H1;510;0.036513702;60.37413437;0.952977633;8.381636389;0.90816637;70.25182855;0.07
H1;520;0.061992913;47.44431979;0.904787659;7.278684754;0.818640707;52.97925175;0.07
H1;530;0.047605544;40.09458655;0.913674039;7.209825244;0.834800249;51.98158006;0.07
H1;540;0.031231104;42.52052442;0.901552008;7.150708216;0.812796023;51.13262799;0.07
H1;550;0.087533562;63.36275246;0.889307285;7.238661835;0.790867448;52.39822516;0.07
H1;560;0.021123849;39.54261622;0.896442623;7.007474803;0.803609377;49.10470312;0.07
H1;570;0.06785222;38.71865675;0.891809092;6.937557836;0.795323457;48.12970873;0.07
H1;580;0.067811474;40.35171933;0.869720575;7.438600925;0.756413879;55.33278373;0.07
H1;590;0.075160611;34.1906446;0.878137329;7.690699374;0.771125169;59.14685686;0.07
H1;600;0.038705432;26.02119567;0.846291252;7.361262508;0.716208884;54.18818571;0.07
I1;100;56.34506933;-0.017570317;21.80465938;0.740892346;475.4431706;0.548921468;0.36
I1;110;51.40544592;-0.006705346;18.93085039;0.71317675;358.3770963;0.508621077;0.36
I1;120;106.6623638;-0.016228079;32.70637383;0.712275195;1069.706889;0.507335953;0.36
I1;130;34.41482197;-0.002234652;5.907307246;0.743335573;34.8962789;0.552547775;0.36
I1;140;78.92841333;-0.021622278;12.05446233;0.756690578;145.310062;0.57258063;0.36
I1;150;41.6396224;-0.017048668;6.23117452;0.785600788;38.8275359;0.617168598;0.36
I1;160;23.28313068;-0.023109478;3.597478724;0.754214852;12.94185317;0.568840043;0.36
I1;170;19.74979162;-0.008428231;1.704359763;0.779332463;2.904842202;0.607359088;0.36
I1;180;17.73804304;-0.017521715;2.552009612;0.76417178;6.512753059;0.58395851;0.36
I1;190;10.14208273;-0.004750628;2.566854191;0.766082545;6.58874044;0.586882466;0.36
I1;200;7.854966687;0.031456274;3.696417355;0.762432962;13.66350127;0.581304021;0.36
I1;210;4.071617963;0.248221045;1.196317379;0.77143579;1.431175271;0.595113177;0.36
I1;220;4.405643945;0.258121022;1.107215467;0.782497825;1.22592609;0.612302847;0.36
I1;230;0.458926108;407.7151849;0.939057928;29.67115486;0.881829793;880.3774309;0.36
I1;240;6.704834678;0.016486601;1.557516978;0.771636825;2.425859138;0.595423389;0.36
I1;250;0.833584776;730.2289775;1.088360781;62.36077602;1.184529189;3888.866385;0.36
I1;260;5.002189796;0.113422842;1.103429733;0.761652696;1.217557177;0.58011483;0.36
I1;270;3.727563853;0.222395017;1.05232342;0.76061294;1.107384581;0.578532044;0.36
I1;280;2.347736852;0.094249764;1.056405802;0.770706342;1.115993218;0.593988266;0.36
I1;290;1.456948105;20.45165401;1.00344587;31.24139629;1.006903615;976.0248419;0.36
I1;300;3.006182983;0.19204909;1.13170604;0.763455358;1.280758561;0.582864084;0.36
I1;310;1.403296759;0.178185165;0.995202305;0.785736424;0.990427628;0.617381728;0.36
I1;320;1.326382711;126.6113978;1.126118975;87.74063262;1.268143945;7698.418613;0.36
I1;330;1.349005429;1.946246893;1.042099757;3.486768514;1.085971904;12.15755467;0.36
I1;340;0.503461125;416.204096;1.000254352;16.51021774;1.000508768;272.58729;0.36
I1;350;0.504261494;429.2926798;1.018062864;13.75801037;1.036451996;189.2828493;0.36
I1;360;0.574267715;483.387323;1.195780176;44.53911443;1.429890229;1983.732715;0.36
I1;370;0.532062485;399.48151;1.06649931;28.06538617;1.137420778;787.6659011;0.36
I1;380;0.225961922;176.5125861;1.010417434;10.21340871;1.02094339;104.3137176;0.36
I1;390;0.694044952;549.5271757;0.952876337;16.89669514;0.907973313;285.4983066;0.36
I1;400;0.300015341;254.6757599;1.056434586;23.60571239;1.116054034;557.2296576;0.36
I1;410;0.255822545;225.9313875;0.935068396;12.2039236;0.874352905;148.9357513;0.36
I1;420;0.157562961;116.7973554;0.964326537;10.01990716;0.929925671;100.3985394;0.36
I1;430;0.30928253;234.7235424;0.9852727;11.75522009;0.970762294;138.1851994;0.36
I1;440;0.106136601;98.63075198;0.933215568;7.528859782;0.870891296;56.68372961;0.36
I1;450;0.157316766;146.9208195;0.96516048;10.00602375;0.931534753;100.1205112;0.36
I1;460;0.086418514;80.63922945;0.886357318;8.185866539;0.785629295;67.00841099;0.36
I1;470;0.108752906;91.76176;0.968779782;9.493950983;0.938534265;90.13510527;0.36
I1;480;0.067211806;88.92004292;0.901934232;7.839622713;0.813485358;61.45968429;0.36
I1;490;0.068745831;72.61789412;0.928188581;7.46704278;0.861534042;55.75672788;0.36
I1;500;0.082919264;60.21215905;0.913864284;7.746641332;0.83514793;60.01045192;0.36
I1;510;0.042485334;51.84316934;0.925396329;7.317294161;0.856358367;53.54279385;0.36
I1;520;0.021771869;33.33137947;0.878661289;7.220271603;0.772045662;52.13232202;0.36
I1;530;0.042659654;37.86509987;0.888629029;7.290766576;0.789661551;53.15527727;0.36
I1;540;0.073267187;37.47927737;0.881887348;7.289447871;0.777725295;53.13605027;0.36
I1;550;0.008341486;30.85216852;0.883167276;7.100019698;0.779984438;50.41027971;0.36
I1;560;0.02512799;33.39888621;0.858776866;7.14435291;0.737497706;51.04177851;0.36
I1;570;0.030565924;37.26124609;0.876154184;7.561950002;0.767646154;57.18308784;0.36
I1;580;0.036307371;22.12322677;0.860064307;7.056542275;0.739710612;49.79478888;0.36
I1;590;0.031869641;38.42505439;0.862539504;7.701820226;0.743974396;59.31803479;0.36
I1;600;0.032941929;16.95178381;0.846602441;7.367813391;0.716735692;54.28467417;0.36
J1;100;44.96201225;-0.009125786;19.47581902;0.711986164;379.3075265;0.506924297;0.07
J1;110;39.6400808;0.021848137;17.34780669;0.71149755;300.9463969;0.506228764;0.07
J1;120;110.1687326;-0.003752451;44.61990518;0.694153156;1990.935938;0.481848604;0.07
J1;130;47.74656219;-0.016626482;5.867529744;0.724305768;34.4279053;0.524618845;0.07
J1;140;74.80795342;-0.032313281;8.245824746;0.748647657;67.99362575;0.560473315;0.07
J1;150;66.65804282;-0.017463493;13.20515536;0.734370174;174.376128;0.539299552;0.07
J1;160;37.84193714;-0.001229266;3.882550996;0.73995924;15.07420224;0.547539677;0.07
J1;170;20.43615719;-0.012301;3.550677184;0.724318963;12.60730846;0.524637961;0.07
J1;180;16.00120643;-0.004180749;3.365143163;0.744354079;11.32418851;0.554062996;0.07
J1;190;12.34691644;-0.010581677;3.558452632;0.753951085;12.66258513;0.568442238;0.07
J1;200;2.88142536;0.096445638;2.737048417;0.757984145;7.491434036;0.574539964;0.07
J1;210;7.184229241;0.066524171;1.836594222;0.75283988;3.373078337;0.566767885;0.07
J1;220;6.379054355;0.108099719;1.604693907;0.746762237;2.575042536;0.557653839;0.07
J1;230;0.787119978;647.4149886;0.955408803;21.58016104;0.912805981;465.7033504;0.07
J1;240;5.141461292;0.188722031;1.455476003;0.748039126;2.118410394;0.559562533;0.07
J1;250;1.121531898;881.1365207;0.919275972;65.87726937;0.845068313;4339.814619;0.07
J1;260;5.8397229;0.055040186;1.34615904;0.744742829;1.81214416;0.554641882;0.07
J1;270;3.464088856;0.208589325;1.021512041;0.745727284;1.04348685;0.556109182;0.07
J1;280;3.295271824;0.213737869;1.007843469;0.770580987;1.015748458;0.593795058;0.07
J1;290;1.034319843;829.9060913;1.002159835;38.70146244;1.004324335;1497.803195;0.07
J1;300;2.921748438;0.224930981;0.987509454;0.769113564;0.975174922;0.591535674;0.07
J1;310;1.305600585;24.56777604;1.057300363;11.19741197;1.117884058;125.3820349;0.07
J1;320;1.356300274;29.38399285;0.996135998;7.925610128;0.992286927;62.8152959;0.07
J1;330;1.027183132;596.8483903;1.13515263;77.27067305;1.288571493;5970.756914;0.07
J1;340;0.48652221;405.5773991;0.966977081;13.82166623;0.935044676;191.0384574;0.07
J1;350;0.791568905;653.6582708;1.046781957;35.38275935;1.095752465;1251.939659;0.07
J1;360;0.550905042;440.4519003;1.152419873;51.57322713;1.328071564;2659.797757;0.07
J1;370;0.426487494;344.3734659;0.986350052;15.74632519;0.972886425;247.9467571;0.07
J1;380;0.292472663;253.366786;1.073116347;20.69458486;1.151578694;428.2658426;0.07
J1;390;0.69511615;571.3929098;0.888105682;24.35378336;0.788731703;593.1067638;0.07
J1;400;0.24166754;211.9651473;0.982174649;11.55593898;0.964667041;133.5397257;0.07
J1;410;0.335516173;251.9616287;0.944334906;10.00708141;0.891768415;100.1416784;0.07
J1;420;0.251820564;225.6150999;0.924879108;11.69273602;0.855401363;136.7200755;0.07
J1;430;0.209789584;170.0085296;0.92401786;11.35258962;0.853809006;128.881291;0.07
J1;440;0.142939909;115.3311031;0.935924775;7.207501199;0.875955185;51.94807353;0.07
J1;450;0.21194967;166.0610647;0.876105895;8.071588668;0.76756154;65.15054363;0.07
J1;460;0.152422006;109.1890191;0.869893482;7.820487266;0.75671467;61.16002108;0.07
J1;470;0.127017555;134.927492;0.918079632;7.451935111;0.84287021;55.5313369;0.07
J1;480;0.071721172;70.29265865;0.863497838;8.660346587;0.745628516;75.001603;0.07
J1;490;0.121536679;75.93441702;0.883423428;6.943503387;0.780436954;48.21223929;0.07
J1;500;0.100531456;86.52484009;0.877106311;7.37747961;0.769315481;54.4272054;0.07
J1;510;0.055936232;65.60470362;0.884058519;6.627487777;0.781559465;43.92359423;0.07
J1;520;0.038795619;53.0986375;0.87039402;6.668226874;0.757585751;44.46524964;0.07
J1;530;0.045021847;33.81620091;0.871202052;6.632522826;0.758993015;43.99035904;0.07
J1;540;0.073578658;47.70431957;0.863448565;6.72816506;0.745543424;45.26820507;0.07
J1;550;0.035828065;52.9472105;0.881496547;7.036078799;0.777036163;49.50640487;0.07
J1;560;0.063632531;46.26906078;0.881801077;7.014620226;0.777573139;49.20489692;0.07
J1;570;0.042660577;33.41407001;0.887964964;6.786978802;0.788481778;46.06308127;0.07
J1;580;0.039559882;44.18855103;0.864843545;6.548059874;0.747954357;42.87708812;0.07
J1;590;0.040086504;43.40931076;0.85008504;6.893916641;0.722644575;47.52608665;0.07
J1;600;0.039621497;27.46219486;0.85691774;7.583846572;0.734308014;57.51472883;0.07
K1;100;64.71196755;0.015129229;22.72394333;0.682621065;516.3776006;0.465971519;2.25
K1;110;37.36735344;-0.013856402;12.57380477;0.705493676;158.1005663;0.497721327;2.25
K1;120;69.07536859;0.010535184;26.19228551;0.676894185;686.0358203;0.458185738;2.25
K1;130;37.76568959;-0.002228823;8.324477207;0.729041547;69.29692077;0.531501577;2.25
K1;140;76.44242366;0.007176745;13.16471865;0.725702395;173.309817;0.526643965;2.25
K1;150;46.16047086;-0.011704232;8.262935588;0.696259258;68.27610454;0.484776954;2.25
K1;160;17.14951951;-0.011787805;1.916606085;0.716684881;3.673378886;0.513637219;2.25
K1;170;13.12986577;-0.002872917;1.739924495;0.715404302;3.027337247;0.511803315;2.25
K1;180;12.80035801;0.001871491;3.240790071;0.728693152;10.50272028;0.53099371;2.25
K1;190;9.978423479;-0.021549149;1.840482784;0.733789145;3.38737688;0.538446509;2.25
K1;200;1.303365911;664.8351847;1.83368549;48.14647399;3.362402475;2318.082958;2.25
K1;210;4.546626066;0.179812137;7.514626172;0.744757223;56.46960651;0.554663321;2.25
K1;220;3.484581641;0.166075522;1.108929719;0.747243844;1.229725121;0.558373362;2.25
K1;230;0.8209219;688.2295705;0.873715993;60.08192947;0.763379636;3609.838249;2.25
K1;240;3.148781113;0.141832568;0.890734731;0.736449791;0.793408361;0.542358295;2.25
K1;250;0.319424625;249.2475205;0.943541975;15.37362855;0.890271459;236.3484548;2.25
K1;260;2.743643579;0.108350043;0.933380128;0.733518104;0.871198464;0.538048808;2.25
K1;270;1.25266876;722.5684131;0.962413064;32.10286684;0.926238906;1030.59406;2.25
K1;280;1.339221006;289.5400207;0.976600478;19.87971586;0.953748493;395.2031029;2.25
K1;290;0.579389458;468.9465105;0.968883789;29.49645712;0.938735797;870.0409828;2.25
K1;300;1.110508907;742.3269993;0.981623676;39.74583419;0.963585041;1579.731335;2.25
K1;310;0.550929328;456.7088929;0.957565007;30.86025957;0.916930743;952.3556205;2.25
K1;320;0.598507443;506.4765507;0.941256175;16.29885899;0.885963188;265.6528045;2.25
K1;330;0.414962796;371.1586326;0.951962946;13.15268171;0.906233451;172.993036;2.25
K1;340;0.160286328;128.0220759;0.970820799;8.862737811;0.942493023;78.54812151;2.25
K1;350;0.078228199;93.9633451;0.945468168;9.379091713;0.893910057;87.96736136;2.25
K1;360;0.148616808;145.5117033;0.953693474;9.265123771;0.909531243;85.84251849;2.25
K1;370;0.164759248;136.2106533;0.942747515;10.5519937;0.888772877;111.344571;2.25
K1;380;0.08429125;64.62659473;0.921837903;8.498022818;0.84978512;72.21639181;2.25
K1;390;0.201795706;165.3059901;0.917273632;12.23496698;0.841390915;149.6944169;2.25
K1;400;0.085550789;65.29038769;0.926734158;8.356734317;0.8588362;69.83500844;2.25
K1;410;0.057198197;49.37811931;0.90086221;8.805263896;0.811552722;77.53267228;2.25
K1;420;0.053089175;42.93287596;0.914267542;8.87029911;0.835885139;78.68220631;2.25
K1;430;0.061770924;58.76818934;0.939700961;9.191446553;0.883037896;84.48268974;2.25
K1;440;0.027191532;26.31645786;0.918209906;8.446981358;0.843109431;71.35149407;2.25
K1;450;0.03459148;36.78988355;0.890113054;8.435762823;0.792301249;71.16209441;2.25
K1;460;0.027947215;19.01329119;0.880870857;8.299588913;0.775933467;68.88317613;2.25
K1;470;-0.003465126;22.28889197;0.908377623;8.264079977;0.825149906;68.29501787;2.25
K1;480;0.019351599;17.1259634;0.880652976;8.403739418;0.775549664;70.62283621;2.25
K1;490;-0.011026017;14.27941577;0.870474112;8.194905598;0.757725179;67.15647776;2.25
K1;500;0.034450578;18.02118256;0.900157381;8.364647613;0.81028331;69.96732968;2.25
K1;510;0.003610577;17.10982412;0.869587593;8.24306651;0.756182582;67.94814548;2.25
K1;520;0.004591783;11.40685128;0.888051008;8.241956676;0.788634593;67.92984986;2.25
K1;530;-0.000789057;9.577135685;0.853379895;8.451732823;0.728257245;71.43178772;2.25
K1;540;0.027158606;10.09790362;0.876697648;8.468606959;0.768598765;71.71730382;2.25
K1;550;0.005665305;8.453244198;0.842781284;8.579269752;0.710280292;73.60386947;2.25
K1;560;0.02112752;9.909757214;0.865316151;8.61038555;0.748772042;74.13873932;2.25
K1;570;0.008238342;8.238035031;0.867130495;8.625754496;0.751915296;74.40364063;2.25
K1;580;0.01494921;7.853930196;0.882573807;8.532773957;0.778936525;72.8082314;2.25
K1;590;0.008136151;8.510337139;0.858715214;8.549805713;0.737391819;73.09917773;2.25
K1;600;0.013861204;7.383789702;0.858173714;8.311094238;0.736462123;69.07428742;2.25
L1;100;2.37290555;37.50343857;2.117056246;33.43584159;4.48192715;1117.955503;1.85
L1;110;23.93848878;-0.022391703;12.85757798;0.695197799;165.3173116;0.483299979;1.85
L1;120;40.40968804;0.004313877;12.20748991;0.701827645;149.0228098;0.492562043;1.85
L1;130;36.20137753;0.027533238;13.39375111;0.729482959;179.3925687;0.532145388;1.85
L1;140;77.84555602;-0.005984247;13.13541925;0.694206574;172.5392389;0.481922767;1.85
L1;150;43.68833905;-0.029027141;6.387531589;0.710604027;40.8005598;0.504958083;1.85
L1;160;19.1052224;-0.001660521;4.488605303;0.690268059;20.14757757;0.476469993;1.85
L1;170;17.50119515;-0.008332169;3.066719577;0.730957104;9.404768966;0.534298287;1.85
L1;180;14.21598293;-0.013075048;4.296941362;0.704400472;18.46370507;0.496180025;1.85
L1;190;8.189450373;0.056553293;2.403786406;0.718854446;5.778189087;0.516751715;1.85
L1;200;1.930109074;283.1061955;1.9540136;45.53069231;3.81816915;2073.043942;1.85
L1;210;6.517747506;0.128423089;1.88440138;0.736382598;3.55096856;0.542259331;1.85
L1;220;5.070768255;0.259769784;0.979974291;0.735133117;0.960349611;0.5404207;1.85
L1;230;1.418717295;885.9159182;0.891026889;43.98682519;0.793928916;1934.84079;1.85
L1;240;4.463817787;0.244363363;0.944520283;0.733553842;0.892118564;0.53810124;1.85
L1;250;0.742323873;623.4947461;0.928668221;45.44676323;0.862424665;2065.408288;1.85
L1;260;2.93729416;0.173140351;0.948176767;0.739612934;0.899039181;0.547027291;1.85
L1;270;1.862547747;0.008111685;0.960250273;0.724354518;0.922080586;0.524689468;1.85
L1;280;1.589043108;0.928019033;0.989566355;2.169078457;0.979241571;4.704901354;1.85
L1;290;0.487224824;410.89246;0.940852582;33.34343523;0.885203581;1111.784673;1.85
L1;300;1.903012829;0.01559069;0.942269033;0.730784336;0.887870931;0.534045746;1.85
L1;310;0.686734662;590.9719973;0.956785211;24.0970896;0.915437941;580.6697274;1.85
L1;320;0.742804727;599.7349951;0.942339475;19.0861235;0.888003685;364.2801104;1.85
L1;330;0.467619051;364.4889587;0.946864613;12.16416486;0.896552596;147.9669068;1.85
L1;340;0.176125518;143.014375;0.929251785;9.169293278;0.86350888;84.07593922;1.85
L1;350;0.183740808;174.0667709;0.955599757;11.12922616;0.913170895;123.859675;1.85
L1;360;0.19804141;160.1911513;0.95696057;11.06377994;0.915773532;122.4072265;1.85
L1;370;0.176077601;152.2387222;0.932457852;8.514847365;0.869477646;72.50262564;1.85
L1;380;0.098087248;77.17849251;0.920823482;7.420347229;0.847915886;55.061553;1.85
L1;390;0.225843721;174.7873322;0.906141935;11.06733879;0.821093207;122.4859878;1.85
L1;400;0.043897167;55.4303755;0.922460178;7.242031845;0.850932781;52.44702525;1.85
L1;410;0.082339288;65.31028985;0.910965046;7.291999999;0.829857315;53.17326398;1.85
L1;420;0.078197849;56.43332609;0.904634712;7.494885889;0.818363961;56.17331449;1.85
L1;430;0.070776905;72.09629485;0.904300852;7.321811594;0.817760031;53.60892502;1.85
L1;440;0.024424958;30.347043;0.899565287;7.053426943;0.809217705;49.75083164;1.85
L1;450;0.036036245;30.47113141;0.88845683;7.080063349;0.789355539;50.12729702;1.85
L1;460;0.015865516;19.23282384;0.878452172;7.067037618;0.771678219;49.9430207;1.85
L1;470;0.034250685;20.40589306;0.871504559;7.120062006;0.759520196;50.69528297;1.85
L1;480;0.03234465;18.10004461;0.877388661;7.088581611;0.769810862;50.24798926;1.85
L1;490;0.01996664;18.55358461;0.875495982;7.064084956;0.766493215;49.90129626;1.85
L1;500;-0.003658582;12.58551415;0.865809776;6.912545297;0.749626568;47.78328248;1.85
L1;510;0.043565022;8.744546855;0.862150002;7.03152334;0.743302627;49.44232048;1.85
L1;520;0.011098654;8.777723987;0.86853442;7.072564528;0.754352039;50.021169;1.85
L1;530;0.031505856;10.96384093;0.863018418;6.913990716;0.74480079;47.80326762;1.85
L1;540;0.013353687;7.915528168;0.874617383;7.012352164;0.764955566;49.17308287;1.85
L1;550;-0.012249624;7.926413329;0.852429341;7.008654347;0.726635781;49.12123575;1.85
L1;560;-0.0264055;9.461422928;0.867992276;7.031473515;0.75341059;49.44161979;1.85
L1;570;0.028238481;9.157839153;0.883492845;7.047482141;0.780559607;49.66700453;1.85
L1;580;-0.006120381;8.843326204;0.85564129;7.133388969;0.732122017;50.88523818;1.85
L1;590;0.005715823;10.04202204;0.838732271;7.013089499;0.703471822;49.18342433;1.85
L1;600;0.020085004;9.030287527;0.864531254;7.162485418;0.747414288;51.30119736;1.85
M1;100;76.99556298;0.001237641;25.33733165;0.6654893;641.9803751;0.442876009;0.04
M1;110;42.93761011;-0.016210661;14.6083627;0.683527203;213.4042608;0.467209438;0.04
M1;120;113.2161917;-0.000208806;38.12218779;0.673810329;1453.301202;0.45402036;0.04
M1;130;42.73601183;-0.000958798;4.556369242;0.692979903;20.76050067;0.480221146;0.04
M1;140;76.76036354;0.009718045;7.36541224;0.701126673;54.24929747;0.491578612;0.04
M1;150;56.90584321;-0.015798567;13.78042233;0.716500411;189.9000396;0.513372839;0.04
M1;160;35.0220017;-0.015852054;3.035346151;0.703497495;9.213326256;0.494908725;0.04
M1;170;18.38811207;-0.030259903;2.906896976;0.705971824;8.450050032;0.498396216;0.04
M1;180;18.38184441;-0.011978243;5.504517237;0.707987498;30.29971002;0.501246298;0.04
M1;190;14.49413641;0.008672485;3.10327723;0.725876663;9.630329564;0.52689693;0.04
M1;200;4.639077574;0.259813358;3.055565744;0.717848459;9.336482017;0.51530641;0.04
M1;210;7.072068387;0.096684738;1.87001989;0.72466165;3.49697439;0.525134507;0.04
M1;220;9.234855942;-0.027617919;1.363898493;0.724457952;1.860219099;0.524839325;0.04
M1;230;1.188055998;1064.574623;0.914788255;34.77674956;0.836837551;1209.42231;0.04
M1;240;4.970013601;0.236439201;1.398666515;0.732876326;1.956268021;0.537107709;0.04
M1;250;1.607088475;57.25408579;0.952302598;16.19882098;0.906880239;262.4018012;0.04
M1;260;7.751555234;-0.026271619;1.413163878;0.714948745;1.997032147;0.511151709;0.04
M1;270;3.886068074;0.211433241;0.983606936;0.732992215;0.967482604;0.537277588;0.04
M1;280;3.19468253;0.219400868;1.003188318;0.742670435;1.006386802;0.551559376;0.04
M1;290;1.187379742;528.7472125;0.95979137;44.63417276;0.921199474;1992.209378;0.04
M1;300;3.386601654;0.219743567;0.993080524;0.73001726;0.986208928;0.532925199;0.04
M1;310;1.380459293;3.165960723;0.947860979;2.753914757;0.898440436;7.584046487;0.04
M1;320;1.52848621;0.032862889;0.977107897;0.713832713;0.954739842;0.509557142;0.04
M1;330;1.341981054;0.283450763;1.008604007;0.806146517;1.017282042;0.649872207;0.04
M1;340;0.764242314;626.3695331;0.972382368;26.87565873;0.945527469;722.3010321;0.04
M1;350;0.853782839;731.077595;1.228879019;64.68929516;1.510143643;4184.704908;0.04
M1;360;0.459485794;402.4886546;1.088042019;39.52720937;1.183835435;1562.40028;0.04
M1;370;0.466525755;399.8085275;0.94265571;14.99066438;0.888599787;224.7200185;0.04
M1;380;0.338711043;264.9532922;0.958824575;12.7476109;0.919344567;162.5015838;0.04
M1;390;0.879388184;685.8395217;0.795141588;57.90038422;0.632250145;3352.454493;0.04
M1;400;0.346378519;289.9508603;0.941764802;12.6736352;0.886920942;160.6210292;0.04
M1;410;0.439570604;387.1738385;0.847839374;27.3673107;0.718831603;748.9696949;0.04
M1;420;0.286423004;224.2676218;0.968613138;18.04420742;0.93821141;325.5934215;0.04
M1;430;0.323765188;281.8320281;0.91884116;11.95923095;0.844269076;143.0232049;0.04
M1;440;0.178383154;148.0101397;0.870207741;10.73845765;0.757261512;115.3144726;0.04
M1;450;0.272548286;215.7953365;0.859932625;12.11680074;0.73948412;146.8168603;0.04
M1;460;0.142625897;119.4212909;0.857064298;13.71766599;0.734559212;188.1743603;0.04
M1;470;0.122684255;112.3160936;0.934077623;10.53243414;0.872501006;110.9321689;0.04
M1;480;0.130688928;94.49487229;0.862254457;10.24039692;0.743482748;104.865729;0.04
M1;490;0.095875508;68.17256738;0.893570936;9.702266653;0.798469018;94.13397821;0.04
M1;500;0.107321232;98.30289994;0.868270844;10.68478315;0.753894259;114.164591;0.04
M1;510;0.080843448;79.15814046;0.892073784;9.901185445;0.795795636;98.03347321;0.04
M1;520;0.091014069;56.90638539;0.878723365;9.846120255;0.772154751;96.94608408;0.04
M1;530;0.049089925;36.17759851;0.870353031;9.547737728;0.757514398;91.15929571;0.04
M1;540;0.057678366;41.92151689;0.868619689;9.782434991;0.754500164;95.69603436;0.04
M1;550;0.04773767;43.34053095;0.869900251;9.930947277;0.756726447;98.62371381;0.04
M1;560;0.04968726;50.49290053;0.861959223;9.66950498;0.742973702;93.49932656;0.04
M1;570;0.039235883;21.49761723;0.856326333;9.722263757;0.733294789;94.52241257;0.04
M1;580;0.085658193;39.63486534;0.884078713;9.999240955;0.781595171;99.98481967;0.04
M1;590;0.076470947;56.53130815;0.857938619;10.1147058;0.736058674;102.3072735;0.04
M1;600;0.02218891;28.5281075;0.862904948;9.897839033;0.744604949;97.96721753;0.04
N1;100;0.032361943;37.76131016;0.888844517;9.141574494;0.790044575;83.56838422;0.04
N1;110;84.64388438;-0.001451828;38.70684227;0.72634615;1498.219639;0.52757873;0.04
N1;120;153.1085536;0.003016988;43.47680455;0.741126829;1890.232534;0.549268977;0.04
N1;130;44.41193278;-0.016630523;3.204184153;0.710814889;10.26679609;0.505257807;0.04
N1;140;76.55031755;0.013040376;6.936567085;0.696780344;48.11596292;0.485502848;0.04
N1;150;60.76599306;-0.032604164;12.7594032;0.694088405;162.80237;0.481758715;0.04
N1;160;34.04198797;0.001500202;3.081361321;0.704418887;9.49478759;0.496205968;0.04
N1;170;18.33884834;-0.002091072;2.455197014;0.698907432;6.027992378;0.488471598;0.04
N1;180;20.74406098;-0.018073303;5.450104359;0.701480134;29.70363752;0.492074378;0.04
N1;190;15.32949766;-0.031131974;3.273948311;0.702631074;10.71873754;0.493690427;0.04
N1;200;6.705777503;0.098039139;3.482132714;0.715549037;12.12524824;0.512010425;0.04
N1;210;41.99987032;0.001173947;16.77424918;0.679626247;281.3754354;0.461891836;0.04
N1;220;7.663831373;0.067380319;3.114118114;0.724217865;9.697731631;0.524491515;0.04
N1;230;1.119849563;963.5420718;0.897626884;48.90175606;0.805734022;2391.381746;0.04
N1;240;5.786017424;0.09811701;1.62362205;0.728880832;2.636148562;0.531267267;0.04
N1;250;1.673634949;0.21799856;0.977499224;1.036357115;0.955504734;1.07403607;0.04
N1;260;4.706162161;0.16953397;1.118064155;0.722632085;1.250067454;0.52219713;0.04
N1;270;3.20841219;0.210207154;1.002501405;0.732485937;1.005009066;0.536535648;0.04
N1;280;2.123292817;0.030583778;0.986203667;0.719485286;0.972597673;0.517659077;0.04
N1;290;1.630083663;0.014925443;0.963234659;0.71865219;0.927821009;0.51646097;0.04
N1;300;2.897642957;0.208695822;1.00364519;0.722935181;1.007303667;0.522635276;0.04
N1;310;1.934072007;0.015680878;0.853294458;0.71535176;0.728111432;0.511728141;0.04
N1;320;1.669176142;0.015400045;0.939496539;0.7060527;0.882653746;0.498510415;0.04
N1;330;1.264639646;12.60250862;0.939903357;7.69172026;0.883418321;59.16256056;0.04
N1;340;0.70207982;586.8040782;0.925193235;27.67650291;0.855982522;765.9888135;0.04
N1;350;0.513453679;426.8359788;0.990550855;23.5226825;0.981190997;553.3165921;0.04
N1;360;0.451137351;378.1409403;0.913919903;25.73255867;0.835249589;662.1645758;0.04
N1;370;0.66602203;560.3957835;0.84742717;34.76098088;0.718132808;1208.325792;0.04
N1;380;0.383959584;317.9636359;0.898103727;19.81843118;0.806590305;392.7702143;0.04
N1;390;0.987638048;503.5565576;0.967542011;39.49891884;0.936137543;1560.16459;0.04
N1;400;0.488666395;408.5221518;0.903537099;19.68352708;0.816379289;387.4412383;0.04
N1;410;0.60517723;517.1824945;0.921700214;22.83777122;0.849531284;521.5637942;0.04
N1;420;0.208754858;174.0705874;0.904733996;12.41986175;0.818543604;154.2529658;0.04
N1;430;0.37223382;298.0260172;0.95544335;12.89518861;0.912871996;166.2858892;0.04
N1;440;0.194290471;173.5992066;0.88900203;11.15053035;0.790324609;124.3343271;0.04
N1;450;0.337109338;257.3999967;0.89564807;13.88767295;0.802185466;192.8674598;0.04
N1;460;0.2210537;184.9253337;0.862014101;13.21193549;0.743068311;174.5552395;0.04
N1;470;0.092226102;108.1668295;0.91656942;10.56383482;0.840099501;111.5946061;0.04
N1;480;0.122848746;103.3622216;0.876656465;9.529621137;0.768526558;90.81367902;0.04
N1;490;0.050419498;58.1926776;0.888673554;9.26901013;0.789740686;85.91454879;0.04
N1;500;0.146664224;121.4555263;0.844979444;10.20575136;0.713990261;104.1573608;0.04
N1;510;0.08061397;58.36801327;0.89371202;10.29221736;0.798721174;105.9297383;0.04
N1;520;0.039060837;46.47448127;0.878446429;8.74593489;0.771668128;76.49137711;0.04
N1;530;0.080139852;48.09524204;0.878208584;9.204052326;0.771250318;84.71457922;0.04
N1;540;0.058615344;56.15683119;0.858016841;9.264579182;0.736192899;85.83242742;0.04
N1;550;0.072156002;55.89576191;0.855200667;9.508748488;0.731368181;90.41629781;0.04
N1;560;0.063721522;50.26655197;0.86100985;8.97912045;0.741337961;80.62460405;0.04
N1;570;0.029614931;21.71080013;0.865220296;8.69271169;0.748606161;75.56323652;0.04
N1;580;0.033244071;31.0526376;0.85418174;9.25308798;0.729626445;85.61963716;0.04
N1;590;0.055906915;59.63691498;0.866500302;10.27295531;0.750822774;105.5336109;0.04
N1;600;0.032412003;31.76630495;0.855476655;9.126858516;0.731840308;83.29954637;0.04
REF;100;39.76641151;-0.009499853;27.17428641;0.753769431;738.441842;0.568168354;0
REF;110;37.85052279;-0.008787291;25.97133654;0.774541307;674.5103217;0.599914236;0
REF;120;88.59652526;0.008658142;20.28850539;0.788479023;411.6234511;0.621699169;0
REF;130;31.54366957;-0.033494266;8.790932132;0.802815361;77.28048775;0.644512504;0
REF;140;77.03990501;0.010781101;14.82298705;0.782645282;219.7209452;0.612533637;0
REF;150;71.39469744;-0.022881271;7.092993859;0.765332002;50.31056189;0.585733074;0
REF;160;30.06016654;-0.040160189;4.60091409;0.787120977;21.16841046;0.619559433;0
REF;170;11.62704334;-0.00971489;3.766000143;0.773699541;14.18275708;0.59861098;0
REF;180;17.14259769;-0.003619576;4.220409285;0.77538199;17.81185453;0.60121723;0
REF;190;12.91346376;-0.019590016;2.850211559;0.764142685;8.123705931;0.583914044;0
REF;200;6.605250645;0.027537356;5.253363401;0.775869558;27.59782703;0.601973571;0
REF;210;5.98272116;0.091820761;1.287996186;0.801645913;1.658934176;0.642636171;0
REF;220;5.984124823;0.095738485;1.216829242;0.797282377;1.480673403;0.635659189;0
REF;230;2.100493741;0.006241676;0.935958486;0.823413399;0.876018288;0.678009625;0
REF;240;6.539655017;0.011391951;1.327916442;0.806516627;1.763362078;0.650469069;0
REF;250;2.525972349;0.098019797;1.024102174;0.781975735;1.048785263;0.61148605;0
REF;260;6.428218468;-0.010281099;1.288085602;0.786631216;1.659164517;0.618788671;0
REF;270;3.619566948;0.21893104;1.056888865;0.795632168;1.117014073;0.633030547;0
REF;280;3.422523042;0.178761291;1.092908256;0.80374965;1.194448457;0.646013499;0
REF;290;0.978364805;653.2518599;1.070745322;30.23374028;1.146495545;914.079051;0
REF;300;2.558895167;0.165783418;1.002672771;0.78500111;1.005352686;0.616226743;0
REF;310;1.484728748;-0.023321379;0.998757396;0.781856159;0.997516336;0.611299053;0
REF;320;1.670114657;0.009858848;0.996784055;0.774976569;0.993578453;0.600588683;0
REF;330;1.520607942;0.00058513;0.928842881;0.796275965;0.862749097;0.634055412;0
REF;340;0.932807315;467.9407391;0.99969341;16.7114271;0.999386914;279.2717956;0
REF;350;0.809974917;681.9521172;0.997618991;21.21156808;0.995243651;449.9306205;0
REF;360;1.116235563;3.096712665;1.056150902;2.320866185;1.115454727;5.386419847;0
REF;370;0.483618238;407.0403384;1.080956611;21.66437971;1.168467194;469.3453481;0
REF;380;0.581964228;473.10308;1.018350432;16.83493509;1.037037602;283.4150394;0
REF;390;0.755558758;673.0327189;0.959333848;23.01419905;0.920321433;529.653358;0
REF;400;0.409544643;335.4455885;0.948029647;15.78100273;0.898760211;249.0400472;0
REF;410;0.275181158;237.0015302;1.001365563;12.31382667;1.002732991;151.6303271;0
REF;420;0.19505342;151.021021;0.947678105;9.686396083;0.89809379;93.82626908;0
REF;430;0.244946212;208.2292903;0.937833728;13.3627088;0.879532102;178.5619865;0
REF;440;0.260448451;228.0517098;0.933656467;16.05936033;0.871714398;257.9030543;0
REF;450;0.159583185;154.8284902;1.001022611;11.33257126;1.002046268;128.4271715;0
REF;460;0.025718326;29.68883902;0.942427643;10.14673691;0.888169863;102.95627;0
REF;470;0.118717027;115.0520125;0.970473994;10.0187975;0.941819774;100.3763034;0
REF;480;0.040464069;30.92898564;0.939083681;9.185466326;0.881878159;84.37279163;0
REF;490;0.115105608;78.41977546;0.953030983;10.95111584;0.908268054;119.9269382;0
REF;500;0.032715138;40.93507208;0.943922312;8.862764737;0.890989331;78.54859879;0
REF;510;0.030650083;20.39522783;0.932579163;9.478892362;0.869703896;89.84940042;0
REF;520;0.056702337;35.18570718;0.920428627;9.127103936;0.847188857;83.30402626;0
REF;530;0.027778025;27.47749882;0.929191684;8.991900197;0.863397185;80.85426915;0
REF;540;0.028324704;10.8835808;0.916046885;8.998709023;0.839141896;80.97676407;0
REF;550;0.025375501;13.81087015;0.908942467;9.079121993;0.826176408;82.43045617;0
REF;560;0.021108574;14.74467346;0.906064021;9.109168435;0.82095201;82.97694957;0
REF;570;-0.007803625;10.22077444;0.878582381;8.854606756;0.771907;78.40406081;0
REF;580;0.055913301;19.12238949;0.894914008;9.114715553;0.800871083;83.07803961;0
REF;590;0.040825679;12.86455308;0.888418299;8.693435856;0.789287075;75.57582698;0
REF;600;0.004655195;13.89375716;0.882876859;9.494025801;0.779471548;90.13652591;0
