plastic;subset;channel;freqs;snr_median_linear;snr_median_dB;snr_min_dB;n_windows
A;K1;HG;350;51.34429421206198;34.20984376688466;31.87560423632266;631
B;K1;HG;350;37.43335944403936;31.46517608946365;28.779630193810238;624
C;K1;HG;350;54.618050527422604;34.74672389765892;31.27864858921288;632
D;K1;HG;350;47.80180683152457;33.588886251125444;33.178447789637374;626
E;K1;HG;350;54.65677626219756;34.752880255575405;29.19409778323699;626
F;K1;HG;350;79.8771867967077;38.04845522007228;37.48685244696152;627
G;K1;HG;350;57.977032233784286;35.26511961276363;32.82949020266352;620
H;K1;HG;350;46.079914334216696;33.270233260641845;30.336510228672708;625
I;K1;HG;350;37.89903021220361;31.572561941378762;30.437378819358884;622
J;K1;HG;350;59.78879590512247;35.532396143824755;32.87985353271345;621
L;K1;HG;350;27.188003334869606;28.687546290412293;27.632865309900275;633
O;K1;HG;350;60.04365233932818;35.5693420333743;31.990644967240893;618
A;K1;LG;350;1.014319251841238;0.12349336998802923;-0.5268204618872414;631
B;K1;LG;350;0.7735776735007984;-2.2299214614205862;-4.7490062902479515;624
C;K1;LG;350;0.6274789399268168;-4.048016916526004;-5.988157153378724;632
D;K1;LG;350;0.6392271828656366;-3.8868953022437664;-4.812624713334547;626
E;K1;LG;350;0.8520762302335796;-1.3904309945993814;-2.6130468263285476;626
F;K1;LG;350;1.741227032207475;4.817108017483569;3.5238359390581775;627
G;K1;LG;350;0.8158956161571347;-1.7673080069510698;-2.8057343688929914;620
H;K1;LG;350;0.869414148615894;-1.2154659298829156;-1.8488556571186698;625
I;K1;LG;350;1.275123702849842;2.1110463755418447;0.8815831085904301;622
J;K1;LG;350;0.8603877609500925;-1.3061155219361298;-2.9060124235888867;621
L;K1;LG;350;0.47848787542926796;-6.40258124973346;-7.743037134321727;633
O;K1;LG;350;0.949317664080313;-0.4517687615213862;-2.0997682302654415;618
A;K3;HG;350,360,370;49.1484317859876;33.83019330091851;29.745984008661633;1894
B;K3;HG;350,360,370;52.84690592135555;34.4603913066181;28.779630193810238;1876
C;K3;HG;350,360,370;54.55974235567338;34.73744621618929;30.06223436113992;1889
D;K3;HG;350,360,370;45.5955427236786;33.178447789637374;28.379987742546824;1889
E;K3;HG;350,360,370;54.65677626219756;34.752880255575405;29.19409778323699;1885
F;K3;HG;350,360,370;62.983536225479035;35.984540811021176;28.015927226652757;1882
G;K3;HG;350,360,370;53.66410015691936;34.59367702959497;28.087252583494223;1868
H;K3;HG;350,360,370;52.738816928249015;34.44260766375731;30.336510228672708;1882
I;K3;HG;350,360,370;37.89903021220361;31.572561941378762;27.64823033032183;1869
J;K3;HG;350,360,370;59.78879590512247;35.532396143824755;31.677157717063828;1862
L;K3;HG;350,360,370;27.188003334869606;28.687546290412293;24.171489531873295;1878
O;K3;HG;350,360,370;54.56941841615797;34.73898650465346;31.769732197951225;1856
A;K3;LG;350,360,370;0.9645476109060904;-0.3135266067790416;-4.218311423310856;1894
B;K3;LG;350,360,370;0.8385894303916638;-1.5290123151933588;-5.1494959702022935;1876
C;K3;LG;350,360,370;0.7363177517495834;-2.658694581421987;-6.409863756199357;1889
D;K3;LG;350,360,370;0.5753965445346532;-4.800655010680926;-8.366234363409834;1889
E;K3;LG;350,360,370;0.8520762302335796;-1.3904309945993814;-3.6459832368061154;1885
F;K3;LG;350,360,370;1.1763371115482113;1.4106359705999214;-1.7658133624726322;1882
G;K3;LG;350,360,370;0.8329475252134015;-1.587647156212408;-2.95470148779859;1868
H;K3;LG;350,360,370;1.0607921628716603;0.5126060501324194;-1.8488556571186698;1882
I;K3;LG;350,360,370;1.1810340450883863;1.4452483397539793;-4.810328261041543;1869
J;K3;LG;350,360,370;0.9460983641100871;-0.4812741690160754;-2.9060124235888867;1862
L;K3;LG;350,360,370;0.4813849428249182;-6.35014996174824;-8.003640294609797;1878
O;K3;LG;350,360,370;0.9814616573329491;-0.16253324545654768;-2.5818167100843015;1856
A;K5;HG;320,330,350,360,370;51.34429421206198;34.20984376688466;24.289348595166555;3162
B;K5;HG;320,330,350,360,370;37.43335944403936;31.46517608946365;-7.83142688211643;3119
C;K5;HG;320,330,350,360,370;59.89485009251459;35.54778964559803;30.06223436113992;3157
D;K5;HG;320,330,350,360,370;48.57108351857687;33.7275558355263;28.379987742546824;3137
E;K5;HG;320,330,350,360,370;54.65677626219756;34.752880255575405;19.28349934968731;3134
F;K5;HG;320,330,350,360,370;27.335022844104206;28.734388823424215;-7.620969095789279;3129
G;K5;HG;320,330,350,360,370;57.782700785500836;35.235956741450394;26.841641097019643;3111
H;K5;HG;320,330,350,360,370;45.60507137431565;33.18026279513822;22.711695054435403;3132
I;K5;HG;320,330,350,360,370;33.255918024496275;30.437378819358884;-6.70050666584171;3110
J;K5;HG;320,330,350,360,370;47.93203849617912;33.61251798889736;12.509928533557204;3095
L;K5;HG;320,330,350,360,370;33.294618532629315;30.44748086805337;24.171489531873295;3114
O;K5;HG;320,330,350,360,370;42.27277714711845;32.52121560245226;-0.464378755035163;3088
A;K5;LG;320,330,350,360,370;1.3488098223196485;2.599014398337106;-4.218311423310856;3162
B;K5;LG;320,330,350,360,370;1.5744031673065022;3.9423190956065146;-5.1494959702022935;3119
C;K5;LG;320,330,350,360,370;0.8252075506220623;-1.6687361380083974;-6.409863756199357;3157
D;K5;LG;320,330,350,360,370;0.6532665031820617;-3.6981922014617647;-8.366234363409834;3137
E;K5;LG;320,330,350,360,370;1.0479628175836457;0.4069174772916364;-3.6459832368061154;3134
F;K5;LG;320,330,350,360,370;1.741227032207475;4.817108017483569;-1.7658133624726322;3129
G;K5;LG;320,330,350,360,370;0.9957342186103382;-0.03713135992949029;-2.95470148779859;3111
H;K5;LG;320,330,350,360,370;1.337847819947952;2.52813430577155;-1.8488556571186698;3132
I;K5;LG;320,330,350,360,370;1.275123702849842;2.1110463755418447;-4.810328261041543;3110
J;K5;LG;320,330,350,360,370;1.4188960449969048;3.0390115633000923;-2.9060124235888867;3095
L;K5;LG;320,330,350,360,370;0.5753856075661726;-4.800820111088552;-8.003640294609797;3114
O;K5;LG;320,330,350,360,370;1.220585090320555;1.7313612132625822;-2.5818167100843015;3088
A;K10;HG;320,330,340,350,360,370,400,420,450,460;45.96408729584069;33.24837281594871;24.289348595166555;6293
B;K10;HG;320,330,340,350,360,370,400,420,450,460;36.985379721134024;31.360601637422917;-7.83142688211643;6252
C;K10;HG;320,330,340,350,360,370,400,420,450,460;42.28367511972587;32.52345454662111;23.488621225294985;6332
D;K10;HG;320,330,340,350,360,370,400,420,450,460;35.97774902862689;31.120679758830324;20.44239532958524;6286
E;K10;HG;320,330,340,350,360,370,400,420,450,460;42.711022191541474;32.61079930811204;19.28349934968731;6270
F;K10;HG;320,330,340,350,360,370,400,420,450,460;42.904985856352525;32.6501552628476;-7.620969095789279;6265
G;K10;HG;320,330,340,350,360,370,400,420,450,460;45.03079127811358;33.07019156848321;26.593162156795323;6228
H;K10;HG;320,330,340,350,360,370,400,420,450,460;44.88469982273418;33.041966501599674;22.711695054435403;6313
I;K10;HG;320,330,340,350,360,370,400,420,450,460;34.84261307797389;30.842214363445578;-6.70050666584171;6224
J;K10;HG;320,330,340,350,360,370,400,420,450,460;46.55675666139827;33.35965435847248;12.509928533557204;6204
L;K10;HG;320,330,340,350,360,370,400,420,450,460;24.205106952482605;27.678140119022082;10.925003253690251;6187
O;K10;HG;320,330,340,350,360,370,400,420,450,460;41.064098416202484;32.26924584210188;-0.464378755035163;6184
A;K10;LG;320,330,340,350,360,370,400,420,450,460;0.8291080866310705;-1.6277769796447066;-7.356940100965424;6293
B;K10;LG;320,330,340,350,360,370,400,420,450,460;0.7587375644566404;-2.398168277005703;-8.641737892421206;6252
C;K10;LG;320,330,340,350,360,370,400,420,450,460;0.6349756457905876;-3.9448586312185165;-8.354221200247505;6332
D;K10;LG;320,330,340,350,360,370,400,420,450,460;0.5750003512586686;-4.806637800132438;-8.525867478992954;6286
E;K10;LG;320,330,340,350,360,370,400,420,450,460;0.7923603215655731;-2.0215456085702415;-7.900425536035791;6270
F;K10;LG;320,330,340,350,360,370,400,420,450,460;1.0767701050024827;0.6424597895169193;-5.980231918698462;6265
G;K10;LG;320,330,340,350,360,370,400,420,450,460;0.812015739850374;-1.808711049070282;-8.035824793554525;6228
H;K10;LG;320,330,340,350,360,370,400,420,450,460;0.9470177385771941;-0.47283772312265887;-6.638207603145703;6313
I;K10;LG;320,330,340,350,360,370,400,420,450,460;1.0535292826675904;0.4529322250657811;-7.762447606603249;6224
J;K10;LG;320,330,340,350,360,370,400,420,450,460;0.9055681393211492;-0.8615773141148486;-7.9649684512634025;6204
L;K10;LG;320,330,340,350,360,370,400,420,450,460;0.4706999263777686;-6.545117392428942;-10.701214392137004;6187
O;K10;LG;320,330,340,350,360,370,400,420,450,460;0.884015684481358;-1.070800590614614;-8.15314062251108;6184
A;K20;HG;230,310,320,330,340,350,360,370,380,390,400,410,420,430,440,450,460,470,500,520;39.844364377650976;32.00733806155866;16.882920663818123;12603
B;K20;HG;230,310,320,330,340,350,360,370,380,390,400,410,420,430,440,450,460,470,500,520;27.397915116486903;28.754350316367496;-8.933421583469276;12499
C;K20;HG;230,310,320,330,340,350,360,370,380,390,400,410,420,430,440,450,460,470,500,520;34.31638492855343;30.710030613676473;16.951501326394997;12630
D;K20;HG;230,310,320,330,340,350,360,370,380,390,400,410,420,430,440,450,460,470,500,520;28.52324423011703;29.103978411750727;13.703939811248965;12588
E;K20;HG;230,310,320,330,340,350,360,370,380,390,400,410,420,430,440,450,460,470,500,520;35.54637616882788;31.015906649782124;18.763964223679196;12548
F;K20;HG;230,310,320,330,340,350,360,370,380,390,400,410,420,430,440,450,460,470,500,520;36.37651351197576;31.216421439865464;-7.620969095789279;12541
G;K20;HG;230,310,320,330,340,350,360,370,380,390,400,410,420,430,440,450,460,470,500,520;40.598672863716594;32.170236741797574;20.39803426680479;12466
H;K20;HG;230,310,320,330,340,350,360,370,380,390,400,410,420,430,440,450,460,470,500,520;41.660456188585236;32.39448042462079;11.93400529346582;12665
I;K20;HG;230,310,320,330,340,350,360,370,380,390,400,410,420,430,440,450,460,470,500,520;32.79196574554391;30.31534903290163;-8.51047765564883;12447
J;K20;HG;230,310,320,330,340,350,360,370,380,390,400,410,420,430,440,450,460,470,500,520;37.11351620942869;31.39064204467491;6.956200215527989;12414
L;K20;HG;230,310,320,330,340,350,360,370,380,390,400,410,420,430,440,450,460,470,500,520;17.334237494745746;24.77809484992312;-6.582835133820854;12379
O;K20;HG;230,310,320,330,340,350,360,370,380,390,400,410,420,430,440,450,460,470,500,520;33.04734280987071;30.382730910682255;-0.464378755035163;12372
A;K20;LG;230,310,320,330,340,350,360,370,380,390,400,410,420,430,440,450,460,470,500,520;0.7422037987549375;-2.589536543423359;-8.81392315902431;12603
B;K20;LG;230,310,320,330,340,350,360,370,380,390,400,410,420,430,440,450,460,470,500,520;0.6149264125417837;-4.223537051619743;-8.641737892421206;12499
C;K20;LG;230,310,320,330,340,350,360,370,380,390,400,410,420,430,440,450,460,470,500,520;0.5740566030011871;-4.820905665660663;-8.853052152612175;12630
D;K20;LG;230,310,320,330,340,350,360,370,380,390,400,410,420,430,440,450,460,470,500,520;0.5133520633504507;-5.791693760987966;-9.989773829857938;12588
E;K20;LG;230,310,320,330,340,350,360,370,380,390,400,410,420,430,440,450,460,470,500,520;0.7093176637633504;-2.9831845002115314;-8.995930827279258;12548
F;K20;LG;230,310,320,330,340,350,360,370,380,390,400,410,420,430,440,450,460,470,500,520;0.8721973570747301;-1.1877046731234324;-8.38302849873843;12541
G;K20;LG;230,310,320,330,340,350,360,370,380,390,400,410,420,430,440,450,460,470,500,520;0.7178026729780141;-2.879898575184017;-8.600569491627478;12466
H;K20;LG;230,310,320,330,340,350,360,370,380,390,400,410,420,430,440,450,460,470,500,520;0.8413392724827665;-1.5005767676409654;-8.437000783415437;12665
I;K20;LG;230,310,320,330,340,350,360,370,380,390,400,410,420,430,440,450,460,470,500,520;0.721919262043464;-2.8302274062159705;-9.322692964487857;12447
J;K20;LG;230,310,320,330,340,350,360,370,380,390,400,410,420,430,440,450,460,470,500,520;0.8595358279598111;-1.314720318783518;-9.08963869434908;12414
L;K20;LG;230,310,320,330,340,350,360,370,380,390,400,410,420,430,440,450,460,470,500,520;0.4640174631541815;-6.669313491972112;-10.701214392137004;12379
O;K20;LG;230,310,320,330,340,350,360,370,380,390,400,410,420,430,440,450,460,470,500,520;0.8193424870546973;-1.7306904837961679;-8.15314062251108;12372
A;K50;HG;100,110,120,130,140,150,160,170,180,190,200,210,220,230,240,250,260,270,280,290,300,310,320,330,340,350,360,370,380,390,400,410,420,430,440,450,460,470,480,490,500,510,520,530,540,550,560,570,580,590;10.722316175097614;20.605772187380374;-9.538135066352229;31567
B;K50;HG;100,110,120,130,140,150,160,170,180,190,200,210,220,230,240,250,260,270,280,290,300,310,320,330,340,350,360,370,380,390,400,410,420,430,440,450,460,470,480,490,500,510,520,530,540,550,560,570,580,590;9.138211580420819;19.217224184364113;-9.194774252211102;31398
C;K50;HG;100,110,120,130,140,150,160,170,180,190,200,210,220,230,240,250,260,270,280,290,300,310,320,330,340,350,360,370,380,390,400,410,420,430,440,450,460,470,480,490,500,510,520,530,540,550,560,570,580,590;6.63813323971444;16.440919305205895;-9.213692971034108;31814
D;K50;HG;100,110,120,130,140,150,160,170,180,190,200,210,220,230,240,250,260,270,280,290,300,310,320,330,340,350,360,370,380,390,400,410,420,430,440,450,460,470,480,490,500,510,520,530,540,550,560,570,580,590;4.7691867424485235;13.568886560344815;-9.401534481026195;31449
E;K50;HG;100,110,120,130,140,150,160,170,180,190,200,210,220,230,240,250,260,270,280,290,300,310,320,330,340,350,360,370,380,390,400,410,420,430,440,450,460,470,480,490,500,510,520,530,540,550,560,570,580,590;9.836894823365084;19.857160558254556;-9.216914235923529;31359
F;K50;HG;100,110,120,130,140,150,160,170,180,190,200,210,220,230,240,250,260,270,280,290,300,310,320,330,340,350,360,370,380,390,400,410,420,430,440,450,460,470,480,490,500,510,520,530,540,550,560,570,580,590;10.142697724884925;20.12306965459547;-10.170210657565473;31349
G;K50;HG;100,110,120,130,140,150,160,170,180,190,200,210,220,230,240,250,260,270,280,290,300,310,320,330,340,350,360,370,380,390,400,410,420,430,440,450,460,470,480,490,500,510,520,530,540,550,560,570,580,590;9.621625159600292;19.664968672016492;-9.677539720842196;31394
H;K50;HG;100,110,120,130,140,150,160,170,180,190,200,210,220,230,240,250,260,270,280,290,300,310,320,330,340,350,360,370,380,390,400,410,420,430,440,450,460,470,480,490,500,510,520,530,540,550,560,570,580,590;11.0617151621861;20.87644942494557;-9.96019185748985;31648
I;K50;HG;100,110,120,130,140,150,160,170,180,190,200,210,220,230,240,250,260,270,280,290,300,310,320,330,340,350,360,370,380,390,400,410,420,430,440,450,460,470,480,490,500,510,520,530,540,550,560,570,580,590;10.420562909468526;20.357823595916734;-10.692264068844617;31190
J;K50;HG;100,110,120,130,140,150,160,170,180,190,200,210,220,230,240,250,260,270,280,290,300,310,320,330,340,350,360,370,380,390,400,410,420,430,440,450,460,470,480,490,500,510,520,530,540,550,560,570,580,590;9.725108842792226;19.75788941241668;-9.620130232974978;31090
L;K50;HG;100,110,120,130,140,150,160,170,180,190,200,210,220,230,240,250,260,270,280,290,300,310,320,330,340,350,360,370,380,390,400,410,420,430,440,450,460,470,480,490,500,510,520,530,540,550,560,570,580,590;2.856310143491169;9.116107243412612;-9.52314049201579;30994
O;K50;HG;100,110,120,130,140,150,160,170,180,190,200,210,220,230,240,250,260,270,280,290,300,310,320,330,340,350,360,370,380,390,400,410,420,430,440,450,460,470,480,490,500,510,520,530,540,550,560,570,580,590;9.23971166974708;19.313168380697434;-10.922032321295452;30935
A;K50;LG;100,110,120,130,140,150,160,170,180,190,200,210,220,230,240,250,260,270,280,290,300,310,320,330,340,350,360,370,380,390,400,410,420,430,440,450,460,470,480,490,500,510,520,530,540,550,560,570,580,590;1.1014580672855152;0.839359362588049;-10.980844592200194;31567
B;K50;LG;100,110,120,130,140,150,160,170,180,190,200,210,220,230,240,250,260,270,280,290,300,310,320,330,340,350,360,370,380,390,400,410,420,430,440,450,460,470,480,490,500,510,520,530,540,550,560,570,580,590;1.330140342557609;2.477949312316575;-9.382905886464236;31398
C;K50;LG;100,110,120,130,140,150,160,170,180,190,200,210,220,230,240,250,260,270,280,290,300,310,320,330,340,350,360,370,380,390,400,410,420,430,440,450,460,470,480,490,500,510,520,530,540,550,560,570,580,590;0.7797041044023925;-2.161403592497647;-10.83224619267677;31814
D;K50;LG;100,110,120,130,140,150,160,170,180,190,200,210,220,230,240,250,260,270,280,290,300,310,320,330,340,350,360,370,380,390,400,410,420,430,440,450,460,470,480,490,500,510,520,530,540,550,560,570,580,590;0.6469883681283349;-3.7820705443721643;-9.989773829857938;31449
E;K50;LG;100,110,120,130,140,150,160,170,180,190,200,210,220,230,240,250,260,270,280,290,300,310,320,330,340,350,360,370,380,390,400,410,420,430,440,450,460,470,480,490,500,510,520,530,540,550,560,570,580,590;1.0605542989166676;0.510658174000147;-9.726212490149656;31359
F;K50;LG;100,110,120,130,140,150,160,170,180,190,200,210,220,230,240,250,260,270,280,290,300,310,320,330,340,350,360,370,380,390,400,410,420,430,440,450,460,470,480,490,500,510,520,530,540,550,560,570,580,590;1.6267740016477996;4.226544461875956;-10.618143315015935;31349
G;K50;LG;100,110,120,130,140,150,160,170,180,190,200,210,220,230,240,250,260,270,280,290,300,310,320,330,340,350,360,370,380,390,400,410,420,430,440,450,460,470,480,490,500,510,520,530,540,550,560,570,580,590;1.0652045866884843;0.5486605561869324;-9.634002608878285;31394
H;K50;LG;100,110,120,130,140,150,160,170,180,190,200,210,220,230,240,250,260,270,280,290,300,310,320,330,340,350,360,370,380,390,400,410,420,430,440,450,460,470,480,490,500,510,520,530,540,550,560,570,580,590;1.249173519259617;1.9324553843409196;-9.135469040082345;31648
I;K50;LG;100,110,120,130,140,150,160,170,180,190,200,210,220,230,240,250,260,270,280,290,300,310,320,330,340,350,360,370,380,390,400,410,420,430,440,450,460,470,480,490,500,510,520,530,540,550,560,570,580,590;1.3446338002827471;2.5720804797661034;-10.458885282795741;31190
J;K50;LG;100,110,120,130,140,150,160,170,180,190,200,210,220,230,240,250,260,270,280,290,300,310,320,330,340,350,360,370,380,390,400,410,420,430,440,450,460,470,480,490,500,510,520,530,540,550,560,570,580,590;1.3831482988343708;2.817374938594007;-9.58021998485372;31090
L;K50;LG;100,110,120,130,140,150,160,170,180,190,200,210,220,230,240,250,260,270,280,290,300,310,320,330,340,350,360,370,380,390,400,410,420,430,440,450,460,470,480,490,500,510,520,530,540,550,560,570,580,590;0.5636453212936756;-4.97988187277196;-10.701214392137004;30994
O;K50;LG;100,110,120,130,140,150,160,170,180,190,200,210,220,230,240,250,260,270,280,290,300,310,320,330,340,350,360,370,380,390,400,410,420,430,440,450,460,470,480,490,500,510,520,530,540,550,560,570,580,590;1.220585090320555;1.7313612132625822;-8.593720467925301;30935
