plastic;worst_med_dB;worst_min_dB;n
A;-7.521495311811827;-8.135753165156602;50
B;-7.309965459799957;-8.933421583469276;50
C;-6.5502076224070525;-9.213692971034108;50
D;-7.700488991904642;-8.853674483200772;50
E;-7.430733965702188;-9.216914235923529;50
F;-6.284704859789044;-8.479010935916062;50
G;-7.688884004929352;-8.8940080331009;50
H;-7.452226585859421;-9.96019185748985;50
I;-7.75057610039627;-8.761879028624008;50
J;-7.645542219675288;-9.120993021205454;50
L;-7.063374666963158;-9.52314049201579;50
O;-7.220901698680348;-9.287312158246568;50
