plastic;worst_median_dB;worst_min_dB;n_freqs;liveband;channel
A;7.489703713646532;5.314984970853816;11;LG-live;LG
B;4.7430892480140265;2.557819637722076;11;LG-live;LG
C;8.114373797843186;5.915400559384213;11;LG-live;LG
D;7.526028894001607;4.857272769347102;11;LG-live;LG
E;7.167339662230453;6.320816534748063;11;LG-live;LG
F;5.090019797616332;4.557630624535493;11;LG-live;LG
G;6.52186868344865;6.495657479735744;11;LG-live;LG
H;7.797418258433122;7.195538339034684;11;LG-live;LG
I;3.5230596892311112;2.490030536366977;11;LG-live;LG
J;7.321246574987543;6.181658011303144;11;LG-live;LG
L;5.456247223931819;3.570691827978661;11;LG-live;LG
O;7.82249952925206;5.436954754756882;11;LG-live;LG
A;15.655040231049878;12.94765032370776;28;HG-live;HG
B;-5.658471481442742;-7.83142688211643;28;HG-live;HG
C;10.051765683395214;8.465152950414124;28;HG-live;HG
D;6.201975613770841;5.682909552074823;28;HG-live;HG
E;14.53216985742541;11.18953403076694;28;HG-live;HG
F;-5.781855892142427;-7.620969095789279;28;HG-live;HG
G;14.638750981182614;12.30771101762147;28;HG-live;HG
H;16.31869878973418;14.168165427878456;28;HG-live;HG
I;6.90592563820358;-6.70050666584171;28;HG-live;HG
J;14.42639559375603;12.509928533557204;28;HG-live;HG
L;2.757631888402493;2.271080113390526;28;HG-live;HG
O;14.322621511727858;-0.464378755035163;28;HG-live;HG
A;15.655040231049878;12.94765032370776;27;HG-live(330+);HG
B;15.614127107099778;-6.641398640061615;27;HG-live(330+);HG
C;10.051765683395214;8.465152950414124;27;HG-live(330+);HG
D;6.201975613770841;5.682909552074823;27;HG-live(330+);HG
E;14.53216985742541;11.18953403076694;27;HG-live(330+);HG
F;15.075268734711065;9.21215358106469;27;HG-live(330+);HG
G;14.638750981182614;12.30771101762147;27;HG-live(330+);HG
H;16.31869878973418;14.168165427878456;27;HG-live(330+);HG
I;13.806611560661;6.801347627510081;27;HG-live(330+);HG
J;14.42639559375603;12.509928533557204;27;HG-live(330+);HG
L;2.757631888402493;2.271080113390526;27;HG-live(330+);HG
O;14.322621511727858;12.122786288788244;27;HG-live(330+);HG
