plastic;freq;channel;grand_mean_mV;snr_eff_linear;snr_eff_dB;n_windows
A;100.0;HG;28.84127401720386;214.74374711198067;46.63841053883872;639
A;110.0;HG;0.0016624892742350072;0.12738568490179275;-17.89758747101264;662
A;120.0;HG;0.014069819959847843;0.9925196588516924;-0.06521764804744513;640
A;130.0;HG;-0.016324345047073904;1.3099693169300746;2.345222468168492;657
A;140.0;HG;-0.021127939148007827;2.040135303581743;6.193179423521201;645
A;150.0;HG;-0.025038455094496658;2.365111370526498;7.477031920219085;628
A;160.0;HG;-0.02281256526041115;2.230641646807839;6.968596127197822;643
A;170.0;HG;-0.01203014386793842;1.0854742751796986;0.7123907100254698;624
A;180.0;HG;-0.01476287678733044;1.3549615452116164;2.638539395878092;632
A;190.0;HG;0.0008661792313298177;0.07627510720509409;-22.35234346563557;641
A;200.0;HG;22.79860522101081;11.735651555205955;21.390144126626435;629
A;210.0;HG;0.047056412236591835;4.21556918824325;12.497124431524782;629
A;220.0;HG;0.11610344100935102;11.360842664039245;21.108210907024176;632
A;230.0;HG;713.4470681516532;60.936658972895614;35.69757278197598;640
A;240.0;HG;0.2323780502808024;21.43160059510228;26.62109214100694;632
A;250.0;HG;434.9697960812473;32.887707447054325;30.340672010367374;628
A;260.0;HG;0.18543562654056286;17.631859032480072;24.925962099626236;639
A;270.0;HG;0.13792524837446637;12.145993489628616;21.688660880010286;631
A;280.0;HG;0.0951888188498485;8.724753321818426;18.81506313672171;630
A;290.0;HG;522.1814097053135;52.655360619231296;34.4288518290783;628
A;300.0;HG;0.14950877945533075;13.951551548254384;22.892450161333166;630
A;310.0;HG;652.6719490194624;66.92028367172836;36.511155464936;630
A;320.0;HG;432.3178929377088;46.51095371442649;33.35110489759054;635
A;330.0;HG;638.300324417036;87.47823172146477;38.83799991315288;633
A;340.0;HG;441.27954464613777;170.63351173525746;44.641286577947554;632
A;350.0;HG;570.118225570426;216.7437889403044;46.71893322168687;631
A;360.0;HG;449.1449276546964;290.42236412869505;49.26060112786915;630
A;370.0;HG;382.5801769715909;88.38118791863016;38.92719669108329;633
A;380.0;HG;296.32819285260064;279.617230250687;48.93127858984455;635
A;390.0;HG;620.1506013967393;213.06746201365956;46.570342654832345;634
A;400.0;HG;281.9372112150966;279.8272973582453;48.93780155935644;623
A;410.0;HG;360.56308441755874;324.48009816985626;50.22376129421801;640
A;420.0;HG;206.6635512223527;154.0037826919571;43.750627765049785;637
A;430.0;HG;197.62819268906588;218.22586380588092;46.778124424819026;612
A;440.0;HG;174.54163139473414;329.51317645470056;50.35745571378431;649
A;450.0;HG;202.63468511660514;403.57327166177754;52.11844791075309;620
A;460.0;HG;167.0490028922272;180.08838840464745;45.109714232586256;619
A;470.0;HG;102.02939772878209;130.35058808479198;42.30225989710711;639
A;480.0;HG;132.43107319615916;116.03000363986762;41.291406117357354;616
A;490.0;HG;58.1421064926913;224.16178306809402;47.011231449979086;631
A;500.0;HG;102.79438115969728;551.5573297673598;54.831813207966576;622
A;510.0;HG;71.66332316468478;97.704385274456;39.79828113266764;631
A;520.0;HG;72.44266159524729;246.68007784011286;47.84268153592579;609
A;530.0;HG;46.831732335322855;123.48895893429766;41.83256258701253;618
A;540.0;HG;54.97653810682101;380.2082099967824;51.60042981070434;625
A;550.0;HG;49.73040808876883;204.16016702360903;46.19942024675809;617
A;560.0;HG;34.39125639628834;108.94612611125781;40.74423584567664;615
A;570.0;HG;38.270590515742114;268.6735623209901;48.584498672690486;626
A;580.0;HG;31.09697691794188;143.44682497156302;43.133818801714916;626
A;590.0;HG;31.63701035869236;193.01717206858913;45.71191896801836;640
B;100.0;HG;21.459727554183324;49.11371146304789;33.82405508948059;641
B;110.0;HG;0.010434977401726312;0.8714412065110535;-1.1952381618804966;652
B;120.0;HG;0.0163485857143311;1.3237279683232241;2.435974898529516;642
B;130.0;HG;-0.02346086758309778;2.127011058480459;6.555394956724603;647
B;140.0;HG;-0.01800444440626713;1.6422809935596618;4.308949334740767;636
B;150.0;HG;-0.013482245313464312;1.2910836366325167;2.219087537062854;618
B;160.0;HG;-0.03581357055757309;3.2953954842129427;10.358150844789309;617
B;170.0;HG;-0.015723678861260238;1.4754655059966069;3.378581217005006;620
B;180.0;HG;-0.009643264716565883;0.9149199724330395;-0.7723378356264607;640
B;190.0;HG;-0.010383273969004358;0.9801208187995955;-0.17440771668451321;619
B;200.0;HG;19.352953040694146;13.253183457932497;22.446404195120927;629
B;210.0;HG;-0.005986312941535353;0.5418033494324641;-5.323166289654635;623
B;220.0;HG;-0.02602750968914554;2.331686991404277;7.353404995240899;633
B;230.0;HG;249.73382438034088;25.35477835269886;28.08119636739146;622
B;240.0;HG;0.02919637915351644;2.6566638209279443;8.486732029469128;630
B;250.0;HG;735.09289372774;144.35464601412932;43.18861532177554;622
B;260.0;HG;0.07868451707358823;6.921339602496623;16.80380317719181;624
B;270.0;HG;0.14315471948827696;13.605605639184063;22.6743575741368;630
B;280.0;HG;0.19114608336390793;18.28575946200632;25.242260051817663;623
B;290.0;HG;650.1197724389293;94.12645740272232;39.474234272793495;620
B;300.0;HG;0.1877545356873332;17.904952157837847;25.059463298229268;624
B;310.0;HG;-0.022758427891535524;2.1056145348909503;6.467577396894817;623
B;320.0;HG;0.13344424422633142;8.301685193673285;18.383325211438386;621
B;330.0;HG;17.82844678590959;18.242039519920482;25.22146784512245;622
B;340.0;HG;683.3261587950522;301.7319509888962;49.592426018114104;622
B;350.0;HG;391.27990102346155;137.30327667626145;42.75361803176192;624
B;360.0;HG;742.5537405584931;505.4404329380696;54.073399611176136;625
B;370.0;HG;332.43375493772265;435.9001130644275;52.7877396333131;627
B;380.0;HG;308.52118887866675;206.76584882202528;46.30957617268001;626
B;390.0;HG;564.6576635190602;151.86098705042667;43.628924366673665;612
B;400.0;HG;239.83852309431686;173.38496012684556;44.780228458282345;625
B;410.0;HG;254.49613345937308;233.8081424864645;47.37719263227042;637
B;420.0;HG;213.4244244275091;138.85932232986863;42.8515008290809;636
B;430.0;HG;153.132634468849;125.40139282200064;41.966047203825354;626
B;440.0;HG;118.94852122908584;145.73745777232813;43.271423789424006;626
B;450.0;HG;144.19949696392266;270.4230001035535;48.64087253187557;625
B;460.0;HG;135.46294925318503;199.59001715487273;46.0027763098713;625
B;470.0;HG;71.56333579969409;105.45726334684487;40.461529940935804;622
B;480.0;HG;108.62986723385575;98.99924945207002;39.91263804143382;626
B;490.0;HG;55.58551643737045;87.30046280710545;38.820330920855795;629
B;500.0;HG;97.53576091002866;324.6712150006048;50.2288757250576;622
B;510.0;HG;67.07156605882619;139.93122978640798;42.918293018973344;628
B;520.0;HG;56.38093819020239;182.10775243840865;45.20656868740382;631
B;530.0;HG;51.3291246700573;97.33064542896206;39.76499206646108;630
B;540.0;HG;51.409075793677275;204.84457894755383;46.2284895035117;628
B;550.0;HG;48.83967599166629;210.78265731029805;46.476697506115585;637
B;560.0;HG;33.63119219087583;218.280785711613;46.78031016753312;633
B;570.0;HG;37.92050910928311;172.60233175478433;44.74093316957636;634
B;580.0;HG;31.39563317679426;178.99054559775155;45.05660183712132;633
B;590.0;HG;29.090099110662624;180.9141476728377;45.14945060927978;631
C;100.0;HG;14.85811596177215;96.25694916302949;39.668641854356736;651
C;110.0;HG;-0.001437244937181331;0.10056144790773437;-19.951369644029008;638
C;120.0;HG;-0.007684440840699292;0.4702885427831231;-6.5527120290196255;672
C;130.0;HG;-0.05318336267823387;3.5495496082634275;11.003465004453538;679
C;140.0;HG;-0.004402810762495124;0.2947573168221119;-10.610708110338336;655
C;150.0;HG;-0.02031753794691913;1.4621224473125245;3.299674893823335;660
C;160.0;HG;0.016671445020580388;1.1126836704481091;0.9274342892962295;664
C;170.0;HG;0.01018726268294008;0.6906618915924412;-3.214690124924195;649
C;180.0;HG;0.0020096592249459005;0.17184671061661902;-15.297175528867786;647
C;190.0;HG;-0.010262011422994854;0.9584687905739652;-0.36844047892505405;635
C;200.0;HG;111.64847508213273;31.254936739351635;29.89837248437119;633
C;210.0;HG;0.24681429422878598;22.866186119097495;27.183874682117406;637
C;220.0;HG;0.12968537570865465;12.021848293772845;21.599424864278923;637
C;230.0;HG;980.7288468988819;252.60607511825006;48.0488758205546;620
C;240.0;HG;0.2285459385528583;22.608110677855283;27.085285411908636;625
C;250.0;HG;878.7936452996123;209.89441614009203;46.440017702395764;624
C;260.0;HG;0.19079702887974134;18.282666886810404;25.240790928336274;628
C;270.0;HG;0.0354820170667848;3.2377354496416926;10.204827206725572;635
C;280.0;HG;0.1434366666427208;13.505904255777853;22.610473333072377;638
C;290.0;HG;719.0183615124765;314.75754146848266;49.959522888634424;633
C;300.0;HG;0.043344926701318946;4.012518401651825;12.06834074236459;635
C;310.0;HG;376.1461739815051;69.69152200517522;36.86359898511202;635
C;320.0;HG;788.2931563414538;491.2799249528772;53.82658036063995;635
C;330.0;HG;728.176325600123;1064.2244742986736;60.54066484615561;633
C;340.0;HG;369.9900137577368;282.2310051998636;49.01209445112681;643
C;350.0;HG;285.76577609242133;382.57282616531205;51.65428238410412;632
C;360.0;HG;355.3008937462468;506.1012305356409;54.084747865092524;626
C;370.0;HG;282.14271227025523;208.310606051248;46.374227648812784;631
C;380.0;HG;225.6260592184449;288.9500028078668;49.21645406045302;630
C;390.0;HG;396.0693255633786;273.6015243012607;48.74237025231992;635
C;400.0;HG;143.01560481843606;564.0584772465816;55.026482612610565;630
C;410.0;HG;203.81252534672794;267.8215644285606;48.556910851225666;629
C;420.0;HG;162.3314353182855;166.35292829825067;44.42060900251322;638
C;430.0;HG;91.88884994484265;116.57023213415484;41.33175322622819;638
C;440.0;HG;84.03353758536848;271.93374186307835;48.68926197416776;636
C;450.0;HG;91.2943939767563;524.7599232468316;54.399213197422014;637
C;460.0;HG;82.99162355485608;398.6888387133115;52.01268155533121;627
C;470.0;HG;56.30476474297113;162.26624256906925;44.20456359543365;626
C;480.0;HG;63.601033521939954;110.32185222443735;40.853230894410906;637
C;490.0;HG;33.61648813759571;134.88648117530943;42.59936850490297;636
C;500.0;HG;54.282193227275066;326.19762352552544;50.26961585428684;625
C;510.0;HG;42.046476590814564;170.01232754920568;44.60960826197606;628
C;520.0;HG;38.564961092761955;197.3181709157326;45.90334162040718;624
C;530.0;HG;24.23508151527084;105.68387455871103;40.48017453812151;637
C;540.0;HG;27.22556242660826;224.26044451799868;47.01505357308768;629
C;550.0;HG;25.25362556185956;171.2821302409637;44.67424111306797;635
C;560.0;HG;16.211641716597864;132.0028751043101;42.411667810228906;629
C;570.0;HG;17.10180212152245;129.91497987626852;42.273184607683696;624
C;580.0;HG;16.499834661390693;124.17839534545425;41.88092087036723;629
C;590.0;HG;14.891947638139117;134.48017826193922;42.57316552232925;625
D;100.0;HG;8.444035922145249;41.403442236889504;32.34072898779999;645
D;110.0;HG;-0.01317987287462493;1.1407065420649634;1.143478645525255;623
D;120.0;HG;-0.013700649992582773;1.145879686145505;1.1827804087157499;626
D;130.0;HG;-0.028080790871741472;2.5917732295308515;8.271939994342826;627
D;140.0;HG;-0.020105699597571164;1.8217866098290947;5.209950113540059;627
D;150.0;HG;-0.01202642015773759;1.064498471551496;0.542900843956011;629
D;160.0;HG;-0.011043711974382336;0.9492464774578938;-0.45242011601903176;627
D;170.0;HG;-0.018755420475424663;1.6442075011692625;4.319132504058027;618
D;180.0;HG;-0.0109932837669518;0.9235109656993256;-0.691158868266169;632
D;190.0;HG;-0.02483546315928858;2.2819262726662926;7.166032171569858;617
D;200.0;HG;223.39676410736598;30.44734961857381;29.670989882809728;619
D;210.0;HG;0.16507280485718218;14.215389504411245;23.055175278839393;628
D;220.0;HG;0.24666852628503042;23.10350179870142;27.273556218269018;638
D;230.0;HG;848.3821487566679;157.18192630816748;43.928052137389344;627
D;240.0;HG;0.19630213120970794;17.695201143564056;24.95711007362546;628
D;250.0;HG;910.9086346710095;655.2783347777039;56.328516185552346;625
D;260.0;HG;0.22723528675702784;21.094752688557808;26.483488763000555;626
D;270.0;HG;0.04844748478327463;4.684412879987711;13.413103328339307;635
D;280.0;HG;0.008994764541554142;0.8288213919689994;-1.6307809653407637;628
D;290.0;HG;643.110508929686;339.13912633353567;50.607557940681986;623
D;300.0;HG;0.012185348995397893;1.0827145187591027;0.6902792105937494;631
D;310.0;HG;731.076971223238;347.037128019858;50.80751881175823;628
D;320.0;HG;654.1920049928785;910.3940556816852;59.184588267639626;625
D;330.0;HG;533.2594753032175;431.35426176923795;52.69668186427269;623
D;340.0;HG;278.9988689652911;301.2261472016921;49.57785334078248;631
D;350.0;HG;299.3414045433947;704.950797279794;56.9631761209463;626
D;360.0;HG;272.91726620569426;341.6929427387046;50.67272018110906;630
D;370.0;HG;153.79904767427257;667.9734385329068;56.49518386843496;633
D;380.0;HG;165.46977068074148;158.1536809760628;43.981586088675456;625
D;390.0;HG;247.11035285494142;512.2703210406055;54.18998390528135;633
D;400.0;HG;115.30136704433174;197.07410089337748;45.89259107735498;629
D;410.0;HG;146.4470450661836;739.5693562976294;57.37957816151788;631
D;420.0;HG;94.10197997008044;491.13707526581004;53.824054393305985;632
D;430.0;HG;64.10084524097888;189.1588062297717;45.53653129089624;631
D;440.0;HG;66.76811882050427;305.810394844368;49.70904486984671;632
D;450.0;HG;65.60440200999535;453.08777728184197;53.123646931924114;627
D;460.0;HG;55.81031393160986;322.34027380744624;50.166291409634425;630
D;470.0;HG;34.95050736488999;210.23448799059165;46.45407923055309;633
D;480.0;HG;40.954346930956994;223.58349262617097;46.988794720780795;626
D;490.0;HG;23.69001105504958;176.92294986155886;44.95568343623454;639
D;500.0;HG;31.044708237139886;212.93457795397381;46.56492382484453;632
D;510.0;HG;25.483455228984774;174.30778813108586;44.82633583936472;634
D;520.0;HG;25.6670616100038;197.28176050011558;45.901738696395064;630
D;530.0;HG;14.839056943904534;123.23746718636365;41.814855279705995;631
D;540.0;HG;16.380496270059975;164.8712359995615;44.34289787501201;630
D;550.0;HG;15.952488376625729;135.8253612589577;42.659617376277986;627
D;560.0;HG;11.169438633515751;106.56164076802337;40.5520179773302;632
D;570.0;HG;11.906965063271459;105.76006878626684;40.486434492129035;633
D;580.0;HG;11.798782149238248;118.6819251252557;41.487691646811584;628
D;590.0;HG;11.162384074507342;109.30554732772681;40.77284406473723;629
E;100.0;HG;21.630898917219955;119.86058403032989;41.57352779000785;638
E;110.0;HG;0.011920171845554935;1.0605297744498683;0.5104573174525582;632
E;120.0;HG;0.00021124876981520017;0.01770504005396687;-35.038061728078304;644
E;130.0;HG;-0.017999598077891303;1.714743845128518;4.683985053686522;631
E;140.0;HG;-0.01467533119974855;1.3641955982967655;2.6975328781217662;622
E;150.0;HG;-0.01654935670316096;1.4540893660346876;3.2518219679166833;628
E;160.0;HG;9.011385744542099e-05;0.008512996891545348;-41.39835050373709;621
E;170.0;HG;-0.009639072597594053;0.8724822104391807;-1.1848683873610444;620
E;180.0;HG;0.004122566090791805;0.37336636541295704;-8.557296158027064;618
E;190.0;HG;-0.0011161888699928392;0.10066078126926799;-19.942794063793436;617
E;200.0;HG;58.87132819634074;22.624978574079478;27.09176353198596;617
E;210.0;HG;0.07871726611396286;7.036903080179985;16.947631389930077;622
E;220.0;HG;0.003911830147364974;0.3471996968267064;-9.188413254389367;622
E;230.0;HG;927.4175795024499;125.95963436505676;42.00462782597341;623
E;240.0;HG;0.2351370245390115;22.208014902318133;26.930194804018598;631
E;250.0;HG;553.0806128205389;44.47641254741701;32.962594998776105;627
E;260.0;HG;0.17005157823722802;16.402053630782532;24.29796455202728;622
E;270.0;HG;0.11714592713475235;10.527687898866661;20.446660029559585;623
E;280.0;HG;0.05026547198256792;4.7519626863956;13.537460435943744;629
E;290.0;HG;661.0393571605216;102.89073087971424;40.24752504449828;633
E;300.0;HG;0.16898986326341336;16.40803833492299;24.30113324050955;629
E;310.0;HG;591.489508359993;111.90127345751874;40.97670057818566;628
E;320.0;HG;414.31522381948514;43.36389146152797;32.74256497449685;625
E;330.0;HG;690.8229905608072;138.22784201521517;42.81191055913345;624
E;340.0;HG;531.3298347104904;348.0820623321619;50.83363286839284;629
E;350.0;HG;425.3569308761491;594.33440823189;55.48061747821389;626
E;360.0;HG;385.4750340053753;350.36898998689327;50.890513224262214;629
E;370.0;HG;427.4349117151371;118.31786071556722;41.4610061731534;630
E;380.0;HG;291.8886615966761;207.17316725683617;46.32667011152982;627
E;390.0;HG;552.0161212071215;229.59931134866483;47.219411622434805;629
E;400.0;HG;285.800204194933;284.4477420024194;49.08004981218784;629
E;410.0;HG;358.759166695265;116.23815768674247;41.30697436013821;631
E;420.0;HG;187.25634445872188;313.8649038652748;49.934855118728905;624
E;430.0;HG;184.57657118646205;121.92845927928457;41.72210171948863;628
E;440.0;HG;169.8366219276948;129.83743654594258;42.26799864761708;628
E;450.0;HG;158.8195805893907;141.21640637515839;42.997703110559925;625
E;460.0;HG;125.56233375509332;156.6080552748136;43.89628193239885;629
E;470.0;HG;94.11605698002442;111.72939297179106;40.96334878482225;628
E;480.0;HG;102.801850649556;105.70631387956058;40.48201857323615;626
E;490.0;HG;57.66987788106635;82.2000574255584;38.297442418828844;630
E;500.0;HG;86.90930564612037;130.36086073653286;42.302944386566715;628
E;510.0;HG;61.98490287264983;233.49535476101528;47.36556489960789;622
E;520.0;HG;59.21615875978639;151.72477938133298;43.62113029335531;628
E;530.0;HG;37.90211145882899;125.24645235483828;41.95530866371372;630
E;540.0;HG;43.957880196762545;137.48315424958219;42.76498975028624;628
E;550.0;HG;39.075807898727824;124.4437144657113;41.89945931390304;628
E;560.0;HG;27.62559844978503;183.11053749489366;45.25426674886344;631
E;570.0;HG;30.159233704654234;193.8994934105744;45.751533488507626;630
E;580.0;HG;26.66612192234041;101.3734301066848;40.118482833650205;629
E;590.0;HG;25.127281806272258;147.7291903071814;43.38932634994748;631
F;100.0;HG;32.08350594948712;213.41315059892315;46.58442354605939;640
F;110.0;HG;0.007711744642535699;0.685635435704488;-3.2781348971573165;647
F;120.0;HG;0.021636197295556683;1.72328776211451;4.727156077846716;621
F;130.0;HG;-0.04685658771390128;4.125337381446991;12.309189442732398;631
F;140.0;HG;-0.022532019564072164;2.0550408699887077;6.256409268125661;626
F;150.0;HG;-0.00743444493173713;0.7038698536297118;-3.050152699987655;614
F;160.0;HG;0.00609455083446588;0.5566519879396558;-5.088324712430565;618
F;170.0;HG;-0.02211982951949383;1.8836818297357116;5.500150970630831;620
F;180.0;HG;-0.009415759098422637;0.8431265107377148;-1.4821450960459477;619
F;190.0;HG;0.0015004271706422709;0.13664736306873296;-17.287974892415516;619
F;200.0;HG;70.38060236568587;22.431523225448498;27.017175312003303;631
F;210.0;HG;0.10820342363023278;8.972545573840243;19.058313458059455;631
F;220.0;HG;0.08056329941168996;7.193829181844492;17.13920242482608;628
F;230.0;HG;582.2467808233107;44.97238191772188;33.058917803094694;635
F;240.0;HG;0.24366475843868715;21.037152817316066;26.459739234918942;627
F;250.0;HG;389.6526648888358;27.6014502375597;28.81863802798772;625
F;260.0;HG;0.16354967355119693;14.2216316932974;23.05898854495183;626
F;270.0;HG;0.13210917830732;11.558730377516842;21.258202667295663;627
F;280.0;HG;0.1888266645856682;16.9661875751098;24.59168528347299;632
F;290.0;HG;420.72788634009595;39.79180682142601;31.995873190949688;623
F;300.0;HG;0.17511476177168467;16.161645580913113;24.169711572243035;631
F;310.0;HG;205.68911783796494;29.150933040577527;29.293049197605114;623
F;320.0;HG;7.506712776562384;11.939253517447742;21.53954348161591;622
F;330.0;HG;154.43919584846708;33.46682946747518;30.49229141476733;625
F;340.0;HG;658.8448509075712;315.8786308203072;49.99040493780987;626
F;350.0;HG;768.8558514763807;677.5508129951455;56.618837414571416;627
F;360.0;HG;551.446985283438;310.751000152108;49.84825070185483;626
F;370.0;HG;430.45461007347996;135.07677119906478;42.61161341901452;629
F;380.0;HG;399.3794587739367;574.3340536115028;55.183291347636555;630
F;390.0;HG;554.330539807132;108.79506559046837;40.7321839669072;626
F;400.0;HG;266.2511484343739;568.2941254312026;55.09146333359921;629
F;410.0;HG;406.5188332901992;294.5106393128014;49.38201976931331;630
F;420.0;HG;270.8693234731128;466.1519621540253;53.37055033236743;626
F;430.0;HG;156.04869624239188;280.74727945535216;48.96631112960469;625
F;440.0;HG;198.8357085227944;200.08331885284764;46.02421765157045;628
F;450.0;HG;229.3930728339482;424.5482376260556;52.55854084776565;626
F;460.0;HG;208.74850085791985;374.26048685957835;51.46347956421305;629
F;470.0;HG;122.6175677535113;140.00800437891937;42.92305730759669;625
F;480.0;HG;128.60355031893866;331.6025892484804;50.41235825975634;626
F;490.0;HG;68.54265879016957;229.78903096455966;47.22658587388065;625
F;500.0;HG;103.90178902017246;205.82539406567824;46.26997911136976;628
F;510.0;HG;77.39656230906627;145.9575650390137;43.28453219128427;624
F;520.0;HG;91.93193453291421;188.38213179390613;45.5007941441562;626
F;530.0;HG;46.5465839260629;199.86299759403835;46.01464793556698;627
F;540.0;HG;53.20378599081489;236.58610588431654;47.47978472004333;626
F;550.0;HG;48.553408506289486;151.66522869197593;43.61772048612036;637
F;560.0;HG;25.67872467463629;147.3147406203665;43.364924108582024;629
F;570.0;HG;31.338236673243756;145.52985957885286;43.259042205940325;626
F;580.0;HG;34.65661232316996;166.46367337446802;44.426389480654336;625
F;590.0;HG;33.87737581899596;118.62107083084939;41.483236804640946;627
G;100.0;HG;20.488793167554398;114.65953643782296;41.18820363227174;632
G;110.0;HG;-0.017247136188041724;1.236540566414998;1.8441673711835795;643
G;120.0;HG;-0.004778970740005257;0.3304239615546837;-9.618569324270078;659
G;130.0;HG;0.002259178886685822;0.17300834230099155;-15.23865910182451;641
G;140.0;HG;-0.006108778261403906;0.48366127875951304;-6.3091736044825995;635
G;150.0;HG;-0.04221335456614918;3.2301880813219377;10.18455620700712;642
G;160.0;HG;-0.048012131004969115;3.517335624067922;10.924276213232675;649
G;170.0;HG;-0.0211695614339938;1.699389045537154;4.60585628824914;644
G;180.0;HG;-0.012878723649373803;1.154202235565783;1.245638223104642;628
G;190.0;HG;-0.014770344229093756;1.4021909957314622;2.936143478642567;633
G;200.0;HG;63.16451412844358;19.704415916644447;25.891271318477663;632
G;210.0;HG;0.11097461934442691;9.584723929638878;19.631592166793624;629
G;220.0;HG;0.03815933818047235;3.3246091476102335;10.43481190999374;633
G;230.0;HG;825.7143978091987;90.72313871520502;39.15436133871775;622
G;240.0;HG;0.2279944998465077;21.545591081663407;26.667168260419537;624
G;250.0;HG;570.0939277654968;39.71839278156327;31.979833326063737;620
G;260.0;HG;0.14870374746067797;14.486379793823916;23.219197340888854;623
G;270.0;HG;0.06980672543160454;6.5869302848687505;16.3736613390989;623
G;280.0;HG;0.012691136159705898;1.157047150724534;1.26702114415587;621
G;290.0;HG;780.8196111042355;263.76758243750453;48.42442837662334;620
G;300.0;HG;0.19287219440089415;18.236478960644483;25.218819798733335;622
G;310.0;HG;718.2323441005127;177.85350478097493;45.0012485562544;620
G;320.0;HG;425.49155087387226;52.87476946788489;34.464969737574506;623
G;330.0;HG;680.6110632104683;364.5358311778971;51.234804453795164;620
G;340.0;HG;501.26327953141106;325.26359891724496;50.24470925986124;621
G;350.0;HG;439.8967007956216;188.99152712905746;45.52884668626069;620
G;360.0;HG;404.9200418654357;360.5463031653606;51.139220938273596;623
G;370.0;HG;420.1105791719951;213.78660453090916;46.599609792893524;625
G;380.0;HG;281.98433849097086;185.23016515743697;45.35423427916825;622
G;390.0;HG;583.6885782948722;230.06240488931988;47.23691310496;624
G;400.0;HG;270.29076566380485;223.59657185458852;46.989302814694824;622
G;410.0;HG;340.36671805657886;127.68945399006954;42.12310059788376;624
G;420.0;HG;193.30354370682844;259.1002672655231;48.269357219336875;625
G;430.0;HG;186.86035432405126;188.6022321535697;45.51093656826389;622
G;440.0;HG;161.80924915226612;184.71667707602649;45.33012214650139;627
G;450.0;HG;184.23919198008656;234.55272763537948;47.40480975526542;624
G;460.0;HG;130.86054512213977;135.04363237525928;42.60948222000885;625
G;470.0;HG;94.93369683544334;138.50677648610647;42.82942043819393;626
G;480.0;HG;114.02980471041445;144.73838003098882;43.211674150443564;627
G;490.0;HG;46.852202086730415;87.79827365362308;38.869719532227684;626
G;500.0;HG;101.30346308402811;155.34917745552147;43.8261791618007;624
G;510.0;HG;56.5922203783483;175.22960534772895;44.87214965684089;625
G;520.0;HG;57.915245458966105;242.843764270997;47.70653912324175;627
G;530.0;HG;38.0837525563891;161.39592833724788;44.15785148467638;628
G;540.0;HG;44.70755011684862;349.3271202980601;50.86464607511069;627
G;550.0;HG;37.632556957709554;98.04457740956728;39.82847157940786;627
G;560.0;HG;27.52756653523286;163.82777361076478;44.287750586267585;627
G;570.0;HG;34.209211249444195;227.618452217989;47.14414931716909;623
G;580.0;HG;30.19254622278644;137.1632298524273;42.74475406233309;626
G;590.0;HG;25.392868481566993;206.03584370561114;46.27885560829774;639
H;100.0;HG;24.80470619625265;192.0630620414586;45.66887696989616;642
H;110.0;HG;0.034231271610839914;2.9239732546449746;9.319467916925579;644
H;120.0;HG;0.0015125086674648344;0.126312802052249;-17.97105261218906;644
H;130.0;HG;-0.007012578017615754;0.6810611489061422;-3.336277866288027;639
H;140.0;HG;-0.01826039347401632;1.6899366558205209;4.557408523715086;633
H;150.0;HG;0.0010809510133201377;0.09359081257978555;-20.57533564099404;630
H;160.0;HG;-0.015952060224064524;1.4509193962101887;3.2328657297544967;629
H;170.0;HG;-0.021787435857722238;1.9311883229063849;5.71649253525755;630
H;180.0;HG;-0.018154366506097547;1.616264340497228;4.170247824697818;621
H;190.0;HG;-0.02340805136244803;2.2661460463984464;7.1057579084386315;621
H;200.0;HG;0.07231964567841331;6.791786310132725;16.639680265006113;621
H;210.0;HG;-0.0025556264491598778;0.2298262106543864;-12.772008869486953;627
H;220.0;HG;-0.02126232559221647;2.0407447232474016;6.1957736443577485;628
H;230.0;HG;864.5643125508651;190.13947872213205;45.58144597866602;636
H;240.0;HG;0.23055620497399726;21.075765285157797;26.475667066255287;627
H;250.0;HG;107.03280635119705;20.144973071612224;26.083333823807333;627
H;260.0;HG;0.12179687092557688;11.809279191264004;21.444467803565736;626
H;270.0;HG;0.1991086274176945;17.882802494918682;25.048711600947982;634
H;280.0;HG;0.05703337499111293;5.198323709780341;14.317266407470658;627
H;290.0;HG;553.811925487727;54.060284949127286;34.65756661027576;622
H;300.0;HG;0.20678382929039144;19.21663485268726;25.67354675836285;628
H;310.0;HG;316.1307106176023;37.373315402169354;31.451232520011338;627
H;320.0;HG;161.58630546000427;54.14885752904898;34.671785960108046;625
H;330.0;HG;257.2033816538747;46.27071434957855;33.306124087981644;625
H;340.0;HG;575.1726047162808;263.9797619720901;48.43141265855177;626
H;350.0;HG;507.6024982212616;453.70893811214336;53.13554669991353;625
H;360.0;HG;492.4103685011416;375.675921814229;51.4962672146391;628
H;370.0;HG;532.5009084522809;411.04872083672103;52.27786602080666;629
H;380.0;HG;335.5328859844209;232.46274691688615;47.32706730755427;629
H;390.0;HG;655.0180984505166;298.2329542517966;49.49111261191453;622
H;400.0;HG;358.16978753172793;435.66710251149584;52.78309534665496;632
H;410.0;HG;417.91345851428304;184.0376204986676;45.29813218898852;637
H;420.0;HG;244.016834519553;430.8088482421307;52.68569229099935;641
H;430.0;HG;230.29207537721504;139.32568670179708;42.88062384526868;632
H;440.0;HG;179.82267011493667;157.67055800315438;43.95501209225843;642
H;450.0;HG;193.9473801294809;440.9884523002443;52.888544344098506;643
H;460.0;HG;168.00171634187393;231.14058001888583;47.277523975020806;639
H;470.0;HG;85.05345441852202;110.63360933504457;40.877741622812394;642
H;480.0;HG;146.0467661129653;140.7713017726561;42.97028253474142;638
H;490.0;HG;60.585248174828784;269.2366331869733;48.60268302103532;644
H;500.0;HG;96.65937662734423;142.13064706416588;43.05375466421802;643
H;510.0;HG;84.51021162473816;310.810687550292;49.8499188811048;632
H;520.0;HG;70.07965383073723;211.01422936189155;46.48623484291938;642
H;530.0;HG;47.688648221868775;183.49754008562397;45.27260493204551;642
H;540.0;HG;54.892460574095175;162.68410284228378;44.22690233283824;650
H;550.0;HG;52.649987260004536;229.2302837754117;47.205439840754266;641
H;560.0;HG;33.1919086352185;252.68941844610467;48.05174111804328;639
H;570.0;HG;35.46060656983343;163.33437155068717;44.26155171727516;640
H;580.0;HG;32.50056960359608;183.38768224354294;45.26740323373424;640
H;590.0;HG;26.554544854047926;164.38661625971324;44.31732912038687;617
I;100.0;HG;25.967369738887935;143.93705150789287;43.163452041926334;644
I;110.0;HG;0.004694910052779605;0.3802215918145012;-8.3992644858853;657
I;120.0;HG;-0.03424767676147042;2.7061946453758017;8.647180607778251;653
I;130.0;HG;-0.008944723176783633;0.8119018458539641;-1.809929424551385;627
I;140.0;HG;0.0034324852114542416;0.3182160059441147;-9.945559591313433;633
I;150.0;HG;-0.017272282609288703;1.6791674790541697;4.50188029085696;633
I;160.0;HG;-0.027822327943510878;2.580420337023843;8.233809120667406;624
I;170.0;HG;-0.032230353932201784;2.8632874170171636;9.137298894483298;625
I;180.0;HG;-0.02078180989751409;1.8855004080649176;5.50853261465588;627
I;190.0;HG;-0.03158641988451733;3.009542337298655;9.570009144449626;626
I;200.0;HG;213.04109850837514;43.74896028966175;32.81935472621663;612
I;210.0;HG;0.015480196058453258;1.4408215011132095;3.172203615123876;619
I;220.0;HG;-0.012197685714313889;1.1368766890516782;1.114267232741013;622
I;230.0;HG;526.3567819067464;45.95328810979337;33.246331840818485;621
I;240.0;HG;0.1073129509460655;9.543674347223309;19.594312235171827;621
I;250.0;HG;691.5107464222839;57.657610611625444;35.217132816649915;621
I;260.0;HG;0.10507002171615606;9.702072138064755;19.737289988458052;624
I;270.0;HG;0.19455996271986498;17.043366649975134;24.631107739468074;622
I;280.0;HG;0.17545947317466234;16.152967035816378;24.165046135733824;620
I;290.0;HG;624.2401456228092;170.7057609598156;44.64496355771823;619
I;300.0;HG;0.1669242755411017;15.261185560454125;23.671765459223145;622
I;310.0;HG;67.51406910009959;21.758988433206024;26.752774026323948;622
I;320.0;HG;74.87507276355045;17.2252673121375;24.723319405538653;618
I;330.0;HG;71.68997671521267;20.19475982314591;26.104773849201422;623
I;340.0;HG;617.4711587355059;243.30983384274722;47.72319324292659;623
I;350.0;HG;615.3500021479331;109.85808885187943;40.81664079079357;622
I;360.0;HG;577.7449154683275;451.57482754070026;53.09459449478108;622
I;370.0;HG;301.87542766549717;118.62289077080251;41.48337006660028;625
I;380.0;HG;350.74843329605596;170.69871249206605;44.644604908563;625
I;390.0;HG;640.7867579256595;275.66586985672916;48.80765999020116;625
I;400.0;HG;227.64108768018252;139.85270370015397;42.91341733559638;624
I;410.0;HG;297.5212482538367;105.43265079076752;40.45950251399465;624
I;420.0;HG;272.87265542686157;516.0223655684683;54.25337050667099;624
I;430.0;HG;135.20135429746998;290.7847850394551;49.27143357700851;623
I;440.0;HG;173.61576880468422;147.83259364805946;43.39540392893418;620
I;450.0;HG;176.88371122522466;159.6147128752945;44.06145842025039;622
I;460.0;HG;181.6884424619187;281.1643936318922;48.97920642451627;621
I;470.0;HG;142.87785406025267;173.77464610786097;44.79972825483366;618
I;480.0;HG;117.03923430715729;366.45104166692977;51.280319210966134;621
I;490.0;HG;75.13032703417721;290.98690869923814;49.27746901631109;617
I;500.0;HG;99.45167435803462;141.0620079210938;42.98820122874315;620
I;510.0;HG;74.93274780260055;239.7803424919332;47.5962715237791;619
I;520.0;HG;75.41224862772056;252.73233299803778;48.05321612801976;625
I;530.0;HG;51.64018974552059;298.2677387501723;49.492125634423616;623
I;540.0;HG;49.394420785536106;338.62225120214276;50.594309852587564;618
I;550.0;HG;47.08735514262522;135.30796324303168;42.626467135313405;619
I;560.0;HG;24.943825459043985;224.4459105253217;47.022233936569734;623
I;570.0;HG;28.170018081213506;231.45375762650283;47.2892847179919;618
I;580.0;HG;31.7017517734453;193.26581931502238;45.723101043790734;619
I;590.0;HG;28.933571375978794;90.67290982603816;39.14955106194927;615
J;100.0;HG;22.921356439625043;131.43301470064313;42.374089389918765;644
J;110.0;HG;0.01205380138030643;1.0440589500230393;0.3745004129213267;630
J;120.0;HG;0.009304375481454907;0.7599061093955589;-2.38480127781492;650
J;130.0;HG;-0.018002355555148737;1.662402743406435;4.414724938300702;641
J;140.0;HG;-0.026564187749302668;2.638115884350179;8.4258773771139;610
J;150.0;HG;-0.03619435847263103;3.474349887764817;10.817471047183801;625
J;160.0;HG;-0.011308331616679082;1.0557830540944824;0.47149374105558417;615
J;170.0;HG;-0.016236102477844485;1.5703826174205566;3.9201095881798746;614
J;180.0;HG;-0.005034168161590885;0.4683893128124403;-6.587860454723415;622
J;190.0;HG;-0.01790563651882205;1.7170068825080331;4.695440720099748;612
J;200.0;HG;0.5318938257109957;15.220827511852766;23.648765287931376;616
J;210.0;HG;-0.021142418752527443;1.9995083998066503;6.018464658333192;620
J;220.0;HG;0.01849691318814775;1.7630286006252922;4.9251871534509055;619
J;230.0;HG;645.4906339039474;93.33202636552221;39.40061390111915;618
J;240.0;HG;0.2418883080128193;22.174990262030313;26.917268755737126;621
J;250.0;HG;101.37259858929968;18.76539143962621;25.467152561549117;618
J;260.0;HG;0.08490016668226441;7.594694799536756;17.610206519762038;619
J;270.0;HG;0.18420348672881653;18.001381966145352;25.10611694343567;619
J;280.0;HG;0.05665823952327783;5.168580652653409;14.267425951434715;617
J;290.0;HG;553.6270950708563;83.40380083981943;38.423716851159455;616
J;300.0;HG;0.18486948890998925;17.30065789230813;24.761252367277088;614
J;310.0;HG;133.5081690208122;23.366007100831393;27.371690086755468;616
J;320.0;HG;159.03621835600086;34.97763233039948;30.87580816652163;618
J;330.0;HG;260.4241403436296;50.44405471298196;34.05619976131167;615
J;340.0;HG;618.4192136447307;502.37216690078577;54.02051140056018;619
J;350.0;HG;469.64612353331535;512.6350402058873;54.19616576493793;621
J;360.0;HG;472.7329038430727;585.6838291670165;55.353264664937434;621
J;370.0;HG;542.4848837674241;613.7628361676648;55.76001176024953;620
J;380.0;HG;359.4279758047572;268.9037155468351;48.59193606159802;621
J;390.0;HG;688.9893075728318;405.67751990330146;52.16361885004682;625
J;400.0;HG;348.12637800176225;719.8978855524615;57.14541795956401;625
J;410.0;HG;441.37552744557314;325.30914486079394;50.24592544066057;621
J;420.0;HG;252.46618411228397;502.9731776557065;54.03089651596094;622
J;430.0;HG;218.58325463180833;200.31231896382502;46.03415317393918;622
J;440.0;HG;190.95960430964107;462.2745849446749;53.29800034673291;622
J;450.0;HG;196.80174887755203;323.89348556116914;50.20804426348923;622
J;460.0;HG;139.6864833144649;630.7906611641994;55.99770509976766;621
J;470.0;HG;90.64608381718628;153.45712113154266;43.71974093080493;622
J;480.0;HG;140.80378451845854;237.51983317924146;47.51399759127472;621
J;490.0;HG;58.135089104921086;260.35055671751735;48.311170213622916;623
J;500.0;HG;115.85791760467323;456.91838475181686;53.19677265709271;624
J;510.0;HG;79.42783567785358;402.56482923643637;52.09671658662347;622
J;520.0;HG;64.04850796570939;268.23728661098295;48.570382945617965;619
J;530.0;HG;49.841050585575736;130.6500842162934;42.32219388014323;621
J;540.0;HG;54.39116001009543;228.73233178283093;47.18655114717899;620
J;550.0;HG;49.36632923919584;259.46304196888053;48.28151010981245;627
J;560.0;HG;31.407036419948415;245.39298151632684;47.79724274627779;619
J;570.0;HG;37.84967612131843;202.53091783610597;46.12982661725195;621
J;580.0;HG;31.23950863180185;127.4569311693022;42.10726915181108;622
J;590.0;HG;25.860088006046016;198.431611156138;45.95221717260368;638
L;100.0;HG;11.121487520983104;80.71002539747991;38.13854967941754;644
L;110.0;HG;0.0049605351811664285;0.3981238179307651;-7.999636795643916;644
L;120.0;HG;-0.013074179278720822;1.0828277359900418;0.6911874287287716;646
L;130.0;HG;-0.005104665982088997;0.42013018568297283;-7.532322279519196;625
L;140.0;HG;-0.008956484635724649;0.8520521223090185;-1.3906767492948444;617
L;150.0;HG;-0.0014138478411072624;0.13736931866105834;-17.242205116144234;611
L;160.0;HG;-0.02597377213456539;2.406466722951701;7.627597211076834;612
L;170.0;HG;-0.031962957625299236;3.0398814027332968;9.657132809390802;622
L;180.0;HG;-0.008781118290471913;0.8548807521214157;-1.3618892214014484;617
L;190.0;HG;0.111466433383283;10.136340109641706;20.117623484355672;608
L;200.0;HG;505.35539203454397;32.65857308713674;30.279944113879246;619
L;210.0;HG;0.14689381741844668;12.990448519318852;22.272482923080933;615
L;220.0;HG;0.17233239601801623;15.720614463902587;23.929390341786455;617
L;230.0;HG;552.6821247732566;32.287993445876914;30.180821127992267;614
L;240.0;HG;0.2182441795646757;20.90340311840725;26.4043399186152;615
L;250.0;HG;571.2444031738685;442.803905664048;52.924228856638834;614
L;260.0;HG;0.1128692993005325;10.051006580893945;20.04419114684614;615
L;270.0;HG;512.310873134181;33.19378654988576;30.42113593935686;613
L;280.0;HG;531.6466744207263;41.71391314821998;32.405618651370666;612
L;290.0;HG;498.87500778653055;246.32892033029182;47.83030806646373;614
L;300.0;HG;70.81365195353517;13.996946010592932;22.920665748661033;616
L;310.0;HG;564.5430293587094;177.281316614772;44.97325936868411;615
L;320.0;HG;505.9667523849864;165.98250817467877;44.401246459177024;613
L;330.0;HG;437.60282492096593;141.6469224854555;43.024142863807;623
L;340.0;HG;221.93448385325743;115.91147470928755;41.28252862544099;616
L;350.0;HG;149.03807971989312;158.24411342367162;43.9865512704493;633
L;360.0;HG;206.37229398971547;102.08773508041408;40.17947137320637;621
L;370.0;HG;111.54708640326767;133.81587843157502;42.53015298703184;624
L;380.0;HG;125.60916710665578;116.1514096341588;41.30048969686573;614
L;390.0;HG;197.58526620257322;142.87199989444326;43.09894247884988;620
L;400.0;HG;77.33757756214912;107.81567637317613;40.65363823508306;615
L;410.0;HG;76.2604435652547;59.92897233127629;35.552736608599275;616
L;420.0;HG;58.88932235674123;153.2919694701545;43.71038807997724;612
L;430.0;HG;44.48089414131299;121.18729212910173;41.66914162968116;615
L;440.0;HG;39.875006754091295;174.84438075528712;44.85303358550048;626
L;450.0;HG;27.68336544537432;95.04028537451968;39.558154633633166;615
L;460.0;HG;31.602806692392203;121.75910086867144;41.71002864772571;615
L;470.0;HG;18.53698804732849;54.68542861089621;34.75743240713762;627
L;480.0;HG;21.818759030297457;115.68107305636498;41.26524616959983;616
L;490.0;HG;11.37610951335701;101.14797278090052;40.09914366029938;617
L;500.0;HG;15.660953208882573;83.00026712475255;38.38158980188758;628
L;510.0;HG;10.448387937917632;70.94227333059362;37.01810202472957;618
L;520.0;HG;11.295426373929367;72.91493679370473;37.2563300732464;617
L;530.0;HG;7.3129491813286105;84.5553629061587;38.54282315687495;621
L;540.0;HG;9.677262136587942;87.9742949305166;38.88711589741073;619
L;550.0;HG;10.41851043715065;101.56909405478494;40.135231575620054;619
L;560.0;HG;8.84843218997806;100.14785273999442;40.01283284130507;621
L;570.0;HG;8.349948716401402;90.06207650169398;39.09083911965598;629
L;580.0;HG;9.683676033324907;105.68641681065095;40.48038347684834;627
L;590.0;HG;10.425227718917855;39.15761174540835;31.85632391930234;632
O;100.0;HG;25.007414814890097;149.64213832853702;43.50107810942858;649
O;110.0;HG;-0.014513007251740317;1.1626063296844868;1.3086536619233273;500
O;120.0;HG;-0.019559957478535794;1.3328550734815292;2.4956585890419607;626
O;130.0;HG;0.002910595758513499;0.2367389425591608;-12.514605931620476;640
O;140.0;HG;-0.013531773158166437;1.0379362986877674;0.32341400710192436;628
O;150.0;HG;-0.01675930593578961;1.2637061674101537;2.0329221006531615;630
O;160.0;HG;0.010514343913768267;0.8524363611572774;-1.3867606696973094;629
O;170.0;HG;-0.024797839229920998;1.966839544096297;5.875378627405894;627
O;180.0;HG;-0.031704197386858084;2.8254981192521433;9.021900451056059;629
O;190.0;HG;-0.012988207741131002;1.2509844614816705;1.945038306823193;612
O;200.0;HG;0.939037766798337;12.70825011079267;22.08171507158854;621
O;210.0;HG;0.02059771912009938;1.9877062905467915;5.967044242891833;617
O;220.0;HG;0.007189914980286813;0.6512285567236331;-3.7253312730781687;617
O;230.0;HG;721.5328637356364;88.73723840634024;38.96211817804347;617
O;240.0;HG;0.21438985141449723;20.41624740576194;26.199518397782743;628
O;250.0;HG;162.81253202179516;13.321033250251677;22.49075824665433;619
O;260.0;HG;0.1235175125958314;11.464035925831835;21.18675076754514;620
O;270.0;HG;0.1561706527835677;14.095377533458496;22.98153425190263;618
O;280.0;HG;0.08527343383736774;7.7951308692592916;17.83646821556472;620
O;290.0;HG;523.1105516551597;48.14366360314501;33.65078271674021;618
O;300.0;HG;0.17966437794339823;17.013080918811095;24.615659352650184;616
O;310.0;HG;303.5173421757634;37.67177693170468;31.520322116533322;614
O;320.0;HG;105.63564624374175;23.725963164497674;27.50447703613702;616
O;330.0;HG;457.4046071959637;138.81758316533546;42.848889580019296;616
O;340.0;HG;568.7234687338458;376.00046272634916;51.503767587881754;617
O;350.0;HG;487.9976423964634;281.5831454076046;48.992133117672914;618
O;360.0;HG;418.4146064022776;634.1062319788902;56.04324042884706;618
O;370.0;HG;495.47818176859477;500.5538467632506;53.98901606564824;620
O;380.0;HG;379.7455459269695;252.2974417843091;48.03825693864394;617
O;390.0;HG;634.9614763105538;224.66746637697617;47.0308037540422;620
O;400.0;HG;318.83556456335054;256.87348699537176;48.194385623994414;619
O;410.0;HG;411.32265089328223;174.54079260326708;44.83793887600166;619
O;420.0;HG;239.70536518311;389.21312461944484;51.80374953293847;619
O;430.0;HG;205.4352870071182;151.39397027484944;43.602171568207375;618
O;440.0;HG;179.83531632028215;264.46001882433114;48.44720049026528;619
O;450.0;HG;183.31819715126187;188.07677114146338;45.48670320627192;620
O;460.0;HG;156.9590902112769;148.54023331285157;43.43688203457049;621
O;470.0;HG;79.35765530365978;162.68420202025067;44.2269076280613;619
O;480.0;HG;140.32949709207284;169.7379066255385;44.59557683455707;621
O;490.0;HG;54.63352781460398;123.20349815969408;41.81246078154926;620
O;500.0;HG;101.41743960227426;167.9300782785119;44.502569808461836;627
O;510.0;HG;75.50386634380955;348.74696204687956;50.85020866272137;619
O;520.0;HG;63.39523947280951;175.69016095526604;44.894948814142325;618
O;530.0;HG;47.23098056995615;147.0124972341069;43.34708509620374;621
O;540.0;HG;51.22039846812901;240.38934328795577;47.61830422053917;618
O;550.0;HG;52.91514299387479;277.1947087337343;48.85569871867461;625
O;560.0;HG;28.914422796051483;210.9308613758081;46.48280252363524;616
O;570.0;HG;36.047758410320164;147.01575914443183;43.3472778164099;621
O;580.0;HG;28.480851754152972;120.84473094462516;41.644554382161594;622
O;590.0;HG;24.877316401408397;180.69749646908258;45.13904271063262;616
A;100.0;LG;0.03374523132954106;2.464875819617347;7.835900888383097;639
A;110.0;LG;51.107710779340344;104.90289609871729;40.41574956221816;662
A;120.0;LG;59.80616674054031;38.56352508283242;31.723534516052343;640
A;130.0;LG;32.963849793451175;156.166656038246;43.87176621893674;657
A;140.0;LG;64.28832064233384;122.8823342759841;41.78978905269899;645
A;150.0;LG;58.85768098712517;120.67191632457568;41.6321241916075;628
A;160.0;LG;28.94324565792698;213.66979257791402;46.59486256831464;643
A;170.0;LG;16.508285772837514;157.8563885995778;43.96524325796972;624
A;180.0;LG;15.283994643769077;228.2986638134734;47.170067393174534;632
A;190.0;LG;10.232118650062215;115.85437379389931;41.2782486828823;641
A;200.0;LG;3.1508809745388846;74.15163592982559;37.40241473708134;629
A;210.0;LG;7.359529766039344;130.16342063096909;42.28977906250266;629
A;220.0;LG;6.06342075386703;158.8655017648086;44.02059197563878;632
A;230.0;LG;1.2990160761206355;72.15290224617262;37.165076092969485;640
A;240.0;LG;3.8402942410794227;245.76730595582612;47.81048217740748;632
A;250.0;LG;1.3589563674693945;86.84273861825167;38.77467021274599;628
A;260.0;LG;3.9877971509440515;141.53851990762982;43.01749299603478;639
A;270.0;LG;2.7942432257200736;124.79713111988;41.924092034952736;631
A;280.0;LG;2.347205727599695;136.02549713796597;42.672406436294125;630
A;290.0;LG;1.052676327251933;71.55204001432429;37.09244040813088;628
A;300.0;LG;2.876385218464203;119.19823827910842;41.52539673370249;630
A;310.0;LG;0.9749126192260479;66.93716498248719;36.51334629113878;630
A;320.0;LG;1.131805602899714;73.33195045038374;37.30586472638809;635
A;330.0;LG;0.986559617275229;67.01695269599334;36.52369352596749;633
A;340.0;LG;0.5186498856449547;37.61728842862623;31.507749740859676;632
A;350.0;LG;0.6815184836762468;43.607743868251205;32.79127236363817;631
A;360.0;LG;0.525526644523161;33.719817129773624;30.557704213629677;630
A;370.0;LG;0.46703460183352014;35.24448188843674;30.94182261208166;633
A;380.0;LG;0.3443041385341039;26.17210640215246;28.356773544901365;635
A;390.0;LG;0.7006137919143396;51.93001973400479;34.30836975263972;634
A;400.0;LG;0.33670349368697644;25.55932328598588;28.150987023332327;623
A;410.0;LG;0.4287181527200768;33.323835230875936;30.455099568833486;640
A;420.0;LG;0.23150749612186775;15.620662563930535;23.873989018170466;637
A;430.0;LG;0.2548241633831312;18.18877738768528;25.19607015320274;612
A;440.0;LG;0.20837745860545662;15.093485957096672;23.575791100469573;649
A;450.0;LG;0.23604131361972272;17.62703623065753;24.923585943236453;620
A;460.0;LG;0.17600230006364137;13.54375759220505;22.634783442316106;619
A;470.0;LG;0.11895037937343485;8.488953954502229;18.577083558056323;639
A;480.0;LG;0.15084082042432687;11.47466918504419;21.19480347341327;616
A;490.0;LG;0.06201004662154337;4.745119533006531;13.524943141889114;631
A;500.0;LG;0.12059320870995875;9.426173395112944;19.48670848748384;622
A;510.0;LG;0.07983755442291764;6.314868794064697;16.00728663035064;631
A;520.0;LG;0.08892443901699214;6.950002404788664;16.839699097230383;609
A;530.0;LG;0.04987261352260138;4.076424978617424;12.205589081993898;618
A;540.0;LG;0.0708477891659837;5.7724222782984;15.227161883032903;625
A;550.0;LG;0.05241889858167229;4.314813772332023;12.699241125502446;617
A;560.0;LG;0.043669063697955195;3.4764581305519933;10.822740064740595;615
A;570.0;LG;0.02381717478028423;1.9121750571225649;5.6305529770253235;626
A;580.0;LG;0.04509124297332065;3.531899793371493;10.960167466609116;626
A;590.0;LG;0.02178758154818273;1.8470366604744397;5.329510310361359;640
B;100.0;LG;17.450655989743964;12.01248855525065;21.59265973816245;641
B;110.0;LG;33.16807177409488;70.41592693934095;36.95341801226154;652
B;120.0;LG;88.45435717596003;51.559639723154916;34.24619748053482;642
B;130.0;LG;34.761199217379385;209.14428338462724;46.408919967054814;647
B;140.0;LG;76.79734511550602;151.75815605408113;43.62304081986797;636
B;150.0;LG;72.41701961445;316.62236565357307;50.0108317883447;618
B;160.0;LG;30.346295905576042;209.50382462218585;46.42383911379322;617
B;170.0;LG;22.045179475232082;152.00587600937456;43.63720753114838;620
B;180.0;LG;17.366666870710336;176.98376040545082;44.95866836792953;640
B;190.0;LG;11.363386766508698;279.4066461261649;48.92473464555544;619
B;200.0;LG;3.271317860770431;64.24713924734608;36.15707588932677;629
B;210.0;LG;9.398510890899177;228.41237314388798;47.174392520597706;623
B;220.0;LG;9.071094972225838;218.30999566459383;46.78147242032968;633
B;230.0;LG;2.054648545239933;83.73412725773235;38.45804996248737;622
B;240.0;LG;6.597726151394808;253.4129009078254;48.07657440909071;630
B;250.0;LG;0.9796468628116265;55.37992567376266;34.86704737073485;622
B;260.0;LG;5.757353296422331;152.14570001283184;43.64519365414813;624
B;270.0;LG;2.8726307804930657;169.74678720999984;44.59603126315413;630
B;280.0;LG;2.8214107948152725;165.87611069974201;44.39567687801099;623
B;290.0;LG;0.9394854326738203;67.13490951314182;36.538968157910375;620
B;300.0;LG;2.8560693354729394;174.8801544518336;44.8548105633785;624
B;310.0;LG;1.7366359438232646;134.2160189459485;42.55608705654808;623
B;320.0;LG;1.487667984416205;98.12858846462134;39.83591103519616;621
B;330.0;LG;1.2636149819438844;90.67970582460651;39.150202051110476;622
B;340.0;LG;0.7747605685134539;56.30191566075461;35.010463437609914;622
B;350.0;LG;0.474925023827157;34.731625495133;30.81450218913303;624
B;360.0;LG;0.8704032014591637;57.65903673606018;35.21734765396501;625
B;370.0;LG;0.38651402437919846;27.55256248342859;28.803239919045307;627
B;380.0;LG;0.36897752747643925;27.048860852089323;28.642979595085343;626
B;390.0;LG;0.6383588376802577;46.42867638132253;33.33572605390429;612
B;400.0;LG;0.2878111666420781;21.283635290839257;26.56091616786795;625
B;410.0;LG;0.30057087020983575;21.370932437712472;26.596469426640162;637
B;420.0;LG;0.25919074045043355;19.242051205782627;25.685027320636493;636
B;430.0;LG;0.16010467458588637;12.023524663602322;21.600635971578512;626
B;440.0;LG;0.14074726909921528;10.599958887647315;20.506083616800055;626
B;450.0;LG;0.1285482419060126;9.515908605864322;19.56900524536382;625
B;460.0;LG;0.17246818917415252;13.412767579037526;22.550367981031407;625
B;470.0;LG;0.0798906937155973;5.978923369881497;15.532459744600082;622
B;480.0;LG;0.11177669713072849;9.240300299351599;19.31372171061874;626
B;490.0;LG;0.06449308184942013;4.9766327423067995;13.938711850947815;629
B;500.0;LG;0.10606003538143269;8.223875444192464;18.30153048071481;622
B;510.0;LG;0.07366587562604746;5.811043291081557;15.285082217114144;628
B;520.0;LG;0.06817575984465443;5.443310992122382;14.717262950549985;631
B;530.0;LG;0.07190787932196935;5.697794720804015;15.114135969925895;630
B;540.0;LG;0.07112385239259447;5.723262876549069;15.152873880994107;628
B;550.0;LG;0.06666285361045934;5.2211313368397585;14.355292359320114;637
B;560.0;LG;0.0494740725558451;4.060708356478058;12.172035984232956;633
B;570.0;LG;0.03453537701362053;2.900557754133535;9.24963034592088;634
B;580.0;LG;0.05077898423211279;4.124899098162292;12.308266589125934;633
B;590.0;LG;0.05653134058792213;4.812057350409738;13.646615892965709;631
C;100.0;LG;0.015687819880949493;1.2299219726252415;1.7975512054842362;651
C;110.0;LG;32.5636469043819;69.9400714256063;36.89452142984795;638
C;120.0;LG;50.58123912364658;84.7033836303089;38.55801518716214;672
C;130.0;LG;30.771273652856696;281.68551935590006;48.99529043453475;679
C;140.0;LG;68.12449643048367;204.19149200221497;46.20075284968308;655
C;150.0;LG;65.43014681475233;172.69068060954032;44.74537802302736;660
C;160.0;LG;27.688815701220978;134.8417275339913;42.596486157559184;664
C;170.0;LG;13.369581490563636;83.26231317702216;38.408969444025374;649
C;180.0;LG;15.848787873437855;293.76446687598064;49.35998526591593;647
C;190.0;LG;10.835857792637269;387.4298985484733;51.763862656705655;635
C;200.0;LG;2.1772132377853737;90.98600037087408;39.17949148831132;633
C;210.0;LG;5.0354624689350365;243.23483108736042;47.72051531545987;637
C;220.0;LG;6.012804363902089;189.92607916431407;45.57169205508971;637
C;230.0;LG;1.355101239447122;90.6633137374214;39.148631768880044;620
C;240.0;LG;3.682792179230132;219.35147276697012;46.82281109370882;625
C;250.0;LG;1.0138222899945961;67.13010393191504;36.53834639134395;624
C;260.0;LG;4.15939027213892;144.4288640754169;43.193079911207874;628
C;270.0;LG;2.3579223405872662;155.91630434176773;43.85783064443365;635
C;280.0;LG;2.621497906269029;194.56843474106557;45.781447702233066;638
C;290.0;LG;0.8227699608970551;64.58012885682793;36.20197814460876;633
C;300.0;LG;2.195724647220387;151.2028979419552;43.59120229792534;635
C;310.0;LG;1.1765607795796234;90.10972604681785;39.095433386839254;635
C;320.0;LG;1.0327728987475435;76.2539037425212;37.6452416372128;635
C;330.0;LG;0.8220294965686834;56.60980600898377;35.057833332854486;633
C;340.0;LG;0.42214082858192037;28.863283146135934;29.20691459554659;643
C;350.0;LG;0.33867963087431374;23.237675317036167;27.32385358668822;632
C;360.0;LG;0.40716094919173673;27.89116900491765;28.909334345375086;626
C;370.0;LG;0.33713054740073545;26.108338920054372;28.33558483530799;631
C;380.0;LG;0.257157472884457;19.50916925772108;25.804775531950796;630
C;390.0;LG;0.47102101417706344;35.34390519274765;30.966290671361044;635
C;400.0;LG;0.1567367536381007;11.721066752698585;21.379342786077906;630
C;410.0;LG;0.23236200957250241;17.991353154488213;25.101276569220307;629
C;420.0;LG;0.16905899410588365;12.881476673305782;22.199313028035483;638
C;430.0;LG;0.09253628328900294;7.092119094420139;17.015520397616573;638
C;440.0;LG;0.11553115228818808;8.936725748195286;19.023568608681828;636
C;450.0;LG;0.11629587133150304;9.35529823659071;19.421152737717062;637
C;460.0;LG;0.0918180899889762;7.241568002650188;17.19665226639647;627
C;470.0;LG;0.09306593834491494;7.186398463936061;17.130225876885593;626
C;480.0;LG;0.0645936073928906;5.1487278710242395;14.233998767848972;637
C;490.0;LG;0.041415412423936156;3.3213216136720543;10.426218633800165;636
C;500.0;LG;0.04995884990576243;3.8559971620172524;11.72273411187364;625
C;510.0;LG;0.06112240922647775;5.02163311181721;14.016899586359894;628
C;520.0;LG;0.041384290204760546;3.3380381466174445;10.469825908523019;624
C;530.0;LG;0.035877077850343185;2.9951610181170896;9.528403495441669;637
C;540.0;LG;0.015774869522157762;1.2699121222500902;2.075473377507519;629
C;550.0;LG;0.04482508107145701;3.7306126930542263;11.43560327081676;635
C;560.0;LG;0.03864526453103767;3.0436369800531247;9.667857042381858;629
C;570.0;LG;0.006195751658969888;0.537683750619865;-5.389461763400195;624
C;580.0;LG;0.011138120348450608;0.9842455694748746;-0.13793062970196926;629
C;590.0;LG;0.0349923298725349;3.1490096193964603;9.963479745880583;625
D;100.0;LG;7.456957853383495;13.041570463304325;22.306597843991153;645
D;110.0;LG;30.01556306030283;75.08375985664534;37.51092024012346;623
D;120.0;LG;71.18293087685693;76.0610814991676;37.623249925529535;626
D;130.0;LG;33.804178264785406;250.67448282073607;47.98220255198696;627
D;140.0;LG;71.71708568307228;114.0515423892059;41.14202325767933;627
D;150.0;LG;35.93617107333157;272.2673350430197;48.69991080979443;629
D;160.0;LG;24.496766051271063;304.3863569262268;49.668503655502874;627
D;170.0;LG;16.93817634922014;153.87143862453232;43.743160285011655;618
D;180.0;LG;11.26056234380912;217.6197637323113;46.75396668909967;632
D;190.0;LG;9.125796953411024;200.28395281655222;46.03292308148732;617
D;200.0;LG;2.2186875505057544;67.77201923991929;36.62100850922676;619
D;210.0;LG;5.8056841263699654;74.25026276035398;37.413959897877895;628
D;220.0;LG;4.67425486257906;291.8847192691785;49.30422718850405;638
D;230.0;LG;1.462775981889681;94.77449204646061;39.53382930918435;627
D;240.0;LG;3.3063106016736397;175.4428617621525;44.8827140557166;628
D;250.0;LG;1.1145436489417997;71.91860655487463;37.13682528435012;625
D;260.0;LG;3.3970972201022116;215.09934140457403;46.652781613160954;626
D;270.0;LG;1.7664790400180101;127.03547901839568;42.07850059078182;635
D;280.0;LG;1.798667160913567;133.27784637532042;42.49515932788222;628
D;290.0;LG;0.7469495805316219;56.93109924594828;35.10699138810191;623
D;300.0;LG;1.6923268637460573;109.74198222167486;40.80745600806334;631
D;310.0;LG;0.8639250970242751;65.9956591848899;36.39030742173239;628
D;320.0;LG;0.7822694716270906;56.91885423505611;35.10512298481523;625
D;330.0;LG;0.6169790841523085;45.44171506776012;33.149094284344514;623
D;340.0;LG;0.35739055533258807;25.823457712212722;28.24028786069512;631
D;350.0;LG;0.3556881500934534;27.378388102480493;28.748157510871756;626
D;360.0;LG;0.32195260536691583;22.88525411029134;27.19111478104712;630
D;370.0;LG;0.17692574445584267;13.373470765471293;22.52488265336071;633
D;380.0;LG;0.19719768169367155;14.137309450446624;23.00733528680143;625
D;390.0;LG;0.3117575088437602;23.766306133863168;27.51923373945074;633
D;400.0;LG;0.09854977816086856;7.212634926180844;17.161879011033705;629
D;410.0;LG;0.17283074858471853;13.118102813732708;22.357420607645683;631
D;420.0;LG;0.11671248780816004;8.862722080094917;18.951342615616795;632
D;430.0;LG;0.06420008645851612;4.416734295595859;12.902025470214532;631
D;440.0;LG;0.06858963132178861;5.153035679946741;14.241262991081918;632
D;450.0;LG;0.07569098063171402;5.458715837253056;14.741809739114018;627
D;460.0;LG;0.08293034832054488;6.4207295159522815;16.15168749830299;630
D;470.0;LG;0.04561538515366943;3.428786865624558;10.70280980168662;633
D;480.0;LG;0.06460770233003683;4.708801212392916;13.458207131499966;626
D;490.0;LG;0.02112009715456978;1.650942562508041;4.354639282097414;639
D;500.0;LG;0.05822672629742653;4.562099513667418;13.183295087314427;632
D;510.0;LG;0.03237010246106315;2.55961464145534;8.163491714931496;634
D;520.0;LG;0.03250053549901894;2.6971587516645292;8.61813018558617;630
D;530.0;LG;0.018519403714833054;1.5223068475794583;3.65004401819143;631
D;540.0;LG;-0.020664464159236264;1.6716570293320294;4.462943577521316;630
D;550.0;LG;0.023835770518928195;1.911205661554337;5.626148465039085;627
D;560.0;LG;0.005595500611188092;0.4724725652424871;-6.512468086362807;632
D;570.0;LG;0.0048765244712034245;0.38355150867242055;-8.32352609296696;633
D;580.0;LG;0.01331258435460591;1.1315803864282983;1.073708225331771;628
D;590.0;LG;0.021878303697777234;1.8279063098677188;5.239078640317198;629
E;100.0;LG;0.028533908962602834;2.3098121802600917;7.271533343358964;638
E;110.0;LG;38.8181806521118;118.83052569898152;41.49856036840889;632
E;120.0;LG;91.38597636699983;137.92049890176014;42.792576389260304;644
E;130.0;LG;38.52018228866818;319.59065054513724;50.09188131546437;631
E;140.0;LG;72.39862342619502;328.42072377259626;50.32861107711579;622
E;150.0;LG;61.11296990964334;288.53383272980676;49.20393489447112;628
E;160.0;LG;33.032717441723676;318.2558677663003;50.05552839199904;621
E;170.0;LG;21.48093866527217;183.2419035793752;45.26049589453283;620
E;180.0;LG;13.472466162247274;188.4624746752631;45.50449778963375;618
E;190.0;LG;10.976024812072321;238.49668233674487;47.54964684128651;617
E;200.0;LG;2.389687493751751;85.71109273675519;38.66074063977248;617
E;210.0;LG;7.954258004816506;126.3785316992436;42.03346610607598;622
E;220.0;LG;8.804375849675312;160.07565264419617;44.08650562322353;622
E;230.0;LG;1.3348729441555087;84.9576357789464;38.584048365133;623
E;240.0;LG;3.903616110328135;249.04455907659454;47.92554116117344;631
E;250.0;LG;1.3451800293153693;82.12859075355256;38.289887416437516;627
E;260.0;LG;4.3946519537338276;178.85642775840034;45.05009104959268;622
E;270.0;LG;2.7128717211889226;133.02614636251516;42.47874020354496;623
E;280.0;LG;2.2848441494070864;115.26828919486367;41.234196948693906;629
E;290.0;LG;1.0777633820137742;83.21238191940844;38.403759073694;633
E;300.0;LG;2.7699952366954825;169.6451195655281;44.59082740325984;629
E;310.0;LG;1.092728915376115;88.26620756468529;38.91588934286883;628
E;320.0;LG;1.1671044558477353;79.57134868005473;38.01513438237071;625
E;330.0;LG;1.0067588343033296;72.18045694266578;37.16839254118358;624
E;340.0;LG;0.6246867473641222;46.721023095762725;33.39024688755744;629
E;350.0;LG;0.5124466385612337;38.3229942030925;31.66918866944547;626
E;360.0;LG;0.45329796127033156;33.894663747987025;30.60262659696816;629
E;370.0;LG;0.47945922713063616;36.77347737926693;31.310693992656372;630
E;380.0;LG;0.3251919719615846;24.516726970849856;27.78924981172487;627
E;390.0;LG;0.6279077838417928;47.97529951014519;33.62035389439189;629
E;400.0;LG;0.3267622896479178;23.208088415335308;27.312787406394648;629
E;410.0;LG;0.4249727086674613;31.45263725483468;29.953141324530698;631
E;420.0;LG;0.21653327000360767;16.450779694196004;24.323729728227214;624
E;430.0;LG;0.2085844431443482;15.491505107769918;23.801872290941773;628
E;440.0;LG;0.1958770798843434;14.795172319949055;23.40240055541756;628
E;450.0;LG;0.18166783939586353;13.352386193225213;22.511177700447647;625
E;460.0;LG;0.1485911400209116;11.129823418314434;20.92976548065643;629
E;470.0;LG;0.10890871400301169;8.214829197737137;18.291970760774234;628
E;480.0;LG;0.11458379423504411;8.316922594642154;18.399253190720486;626
E;490.0;LG;0.0538468675425375;4.2237551005708145;12.513974584672;630
E;500.0;LG;0.10006460424994186;7.55105741268629;17.560155446727357;628
E;510.0;LG;0.052332357642707154;4.1249440145874345;12.308361170103147;622
E;520.0;LG;0.06975082507036935;5.8923717677994665;15.40580280010688;628
E;530.0;LG;0.04704087029981275;3.7606887075326805;11.505347720317323;630
E;540.0;LG;0.0298113922040392;2.3877767023214984;7.559874208912545;628
E;550.0;LG;0.034920485895963;2.937783984837131;9.360397179375875;628
E;560.0;LG;0.024239944604981235;1.9497408661355735;5.799537889960541;631
E;570.0;LG;0.03951034327408632;3.1915544080578466;10.080045049374974;630
E;580.0;LG;0.03647369068111004;2.928265713461218;9.332209648916715;629
E;590.0;LG;0.04063801344868963;3.3210315989808756;10.425460156940549;631
F;100.0;LG;0.037716690039549694;2.6992432225191605;8.624840391676887;640
F;110.0;LG;43.57846247193618;83.73716557332419;38.458365126638476;647
F;120.0;LG;94.48133710458728;163.2510338162228;44.257118804058216;621
F;130.0;LG;26.404509613294334;154.82265338670777;43.7966901244893;631
F;140.0;LG;62.76401761716026;221.75134591652662;46.917325289114444;626
F;150.0;LG;53.11703849526846;200.28197239466235;46.032837194371666;614
F;160.0;LG;29.444130918145433;185.8156868117653;45.381647498665025;618
F;170.0;LG;14.493028147395302;297.1844676886365;49.460522146629955;620
F;180.0;LG;14.476927670736726;254.4509379943573;48.112081123445265;619
F;190.0;LG;10.272337377622684;251.42361025251645;48.008121164764965;619
F;200.0;LG;2.7012144308455297;70.24456103553231;36.93225405803312;631
F;210.0;LG;6.451034675756513;169.15277928472167;44.565582758188185;631
F;220.0;LG;6.226308677236808;214.15580462449384;46.61459700609912;628
F;230.0;LG;1.6215851618527268;90.73677515234742;39.15566680156928;635
F;240.0;LG;3.9569627993538363;217.8992805166956;46.76511592496689;627
F;250.0;LG;1.3921789056110447;79.53599128030538;38.01127396364655;625
F;260.0;LG;4.721161757356391;203.03161847747785;46.15127353274759;626
F;270.0;LG;2.753206746983546;143.16229733546766;43.11657317856042;627
F;280.0;LG;3.064255714768;158.53107826965356;44.00228827087986;632
F;290.0;LG;1.1979609164890912;90.78745801351074;39.16051712642528;623
F;300.0;LG;3.0449775043304714;161.20864742026757;44.14776668315038;631
F;310.0;LG;1.2784353553389518;87.60545922998539;38.850623410937764;623
F;320.0;LG;1.4170288217099423;90.07340851264284;39.091931948163385;622
F;330.0;LG;1.212438594432786;77.22797491681455;37.75549293709277;625
F;340.0;LG;0.7501485619182748;54.9323367453831;34.7965614739791;626
F;350.0;LG;0.9021470229942458;64.1055922736362;36.137918340031405;627
F;360.0;LG;0.6491035054060529;41.28131740091416;32.31507096754691;626
F;370.0;LG;0.49486796288538376;40.30593147521412;32.10737924411321;629
F;380.0;LG;0.44810507979735026;37.50061874966687;31.480768670473893;630
F;390.0;LG;0.9336182748232589;77.4038768134924;37.775254261860034;626
F;400.0;LG;0.3069873108506905;22.752589128663946;27.140616486070314;629
F;410.0;LG;0.48335903128406166;39.866529237123;32.01216855634924;630
F;420.0;LG;0.3260265878607012;23.524138553110866;27.430274573139613;626
F;430.0;LG;0.1812472381235018;13.93422438794285;22.88165599717431;625
F;440.0;LG;0.22503955906050757;16.424291378918202;24.30973282264016;628
F;450.0;LG;0.27728105832622607;20.98477740455172;26.43808733610376;626
F;460.0;LG;0.2541853930466947;19.135353827469533;25.63672994150235;629
F;470.0;LG;0.13341978226233775;9.84641381070404;19.86556167429405;625
F;480.0;LG;0.11283921587895163;9.017892324332363;19.102100908549495;626
F;490.0;LG;0.07074972463994234;5.601874281734811;14.966667161648529;625
F;500.0;LG;0.11159058694035831;8.833889756286997;18.923039502398154;628
F;510.0;LG;0.09007009043643754;7.040158815822869;16.951649126187533;624
F;520.0;LG;0.12031235840474258;9.684610288819872;19.721642985727602;626
F;530.0;LG;0.06642830870488133;5.310460964130883;14.502644415939796;627
F;540.0;LG;0.07317726994056269;6.108223690575631;15.71829866134778;626
F;550.0;LG;0.08142282957439394;6.838867219293637;16.699683434543967;637
F;560.0;LG;0.030317438380894287;2.6428086194403404;8.44131429153802;629
F;570.0;LG;0.02226098815536318;1.8781883517151352;5.4747828556070965;626
F;580.0;LG;0.030566107351814763;2.39079098580625;7.570832194178299;625
F;590.0;LG;0.05066924301410095;4.380800619039029;12.831069756457463;627
G;100.0;LG;0.053328488175592895;3.9728100931711112;11.981956111280617;632
G;110.0;LG;38.11143001461962;114.4154476199525;41.169693279908195;643
G;120.0;LG;74.90399210769345;88.70531803164054;38.95899314580313;659
G;130.0;LG;37.45444732475578;319.2534442664575;50.08271182695324;641
G;140.0;LG;65.48557992919092;167.76285256493702;44.493916041405996;635
G;150.0;LG;54.78870913812505;175.59508972153262;44.890247345677416;642
G;160.0;LG;32.8680830485479;317.1795974733687;50.02610487242529;649
G;170.0;LG;19.762036255343713;207.1907489060199;46.32740720401592;644
G;180.0;LG;13.267633014388185;166.9036369489264;44.44931600735848;628
G;190.0;LG;11.791081746255296;263.8623748743769;48.42754933911854;633
G;200.0;LG;2.5473093533910554;80.01518804862317;38.0634486047518;632
G;210.0;LG;7.329499885039819;109.22561644137093;40.76649008870429;629
G;220.0;LG;7.391534898564591;162.79189770350072;44.232655717424166;633
G;230.0;LG;1.4351724972254214;89.26987736015207;39.0140987627236;622
G;240.0;LG;3.823682777246869;216.68805293030832;46.716699344119085;624
G;250.0;LG;1.291097192574927;72.59946371201802;37.21866825208134;620
G;260.0;LG;4.6526459890716305;203.41852291587514;46.16780992885232;623
G;270.0;LG;2.5393894183548467;139.47366188852885;42.88984406955051;623
G;280.0;LG;2.0894894577861676;107.34122757494157;40.61533115309426;621
G;290.0;LG;0.9679056770559786;72.60508796160646;37.21934111819585;620
G;300.0;LG;2.8033440339226328;184.0666954335624;45.29950430914753;622
G;310.0;LG;1.0124995059574244;80.7999540796284;38.14822227911309;620
G;320.0;LG;1.152152056315043;77.68414579253123;37.806647892781356;623
G;330.0;LG;1.0047728275273478;63.34707511188142;36.03453134505371;620
G;340.0;LG;0.6002422034785402;42.87132264752665;32.6433376476614;621
G;350.0;LG;0.5192874997274205;36.45313999961671;31.234698870239;620
G;360.0;LG;0.45591013950644155;31.431737294087693;29.94736771986421;623
G;370.0;LG;0.5102191911840696;38.39512934002834;31.68552269833356;625
G;380.0;LG;0.3315150773993961;24.035947067138686;27.617224778454165;622
G;390.0;LG;0.6898264742317872;51.342565381573515;34.20955129653575;624
G;400.0;LG;0.32067883684479176;25.889733850598102;28.262551717225264;622
G;410.0;LG;0.4002099135598779;29.434016532607025;29.376990589546175;624
G;420.0;LG;0.22381061465546917;16.084686701815155;24.12825212229414;625
G;430.0;LG;0.2277488610931704;17.037835771496802;24.628288554869364;622
G;440.0;LG;0.19703440767425925;15.119077905780339;23.59050609758558;627
G;450.0;LG;0.20348729383845338;14.354441222233408;23.139725826133063;624
G;460.0;LG;0.14592703734332726;10.866545522963774;20.721830074447215;625
G;470.0;LG;0.12940899560893054;9.39167875557775;19.454864580400507;626
G;480.0;LG;0.14430471318778065;11.080836048617305;20.891450582583133;627
G;490.0;LG;0.08635709877990316;6.919822664979195;16.801899297783077;626
G;500.0;LG;0.109842776737807;8.9130252424355;19.00050272966977;624
G;510.0;LG;0.06085527049014229;4.908983078542479;13.819830701446186;625
G;520.0;LG;0.05874060551240364;4.5956521299785065;13.24694294275937;627
G;530.0;LG;0.04389776154965753;3.686146329932191;11.331451430578543;628
G;540.0;LG;0.06245187496185371;5.032648186029035;14.035931430487407;627
G;550.0;LG;0.041622167181613386;3.248357764209733;10.233277101441436;627
G;560.0;LG;0.025713319185398466;2.2744335137907217;7.1374649212237316;627
G;570.0;LG;0.058450202888898205;4.6775391045044525;13.400348538297228;623
G;580.0;LG;0.03720909436614194;3.0885487130902742;9.795089109812054;626
G;590.0;LG;0.013381725517623946;1.1159597626619422;0.9529707169609453;639
H;100.0;LG;0.020246626543209894;1.5468019364022894;3.788694141673293;642
H;110.0;LG;40.03636958425808;120.88905648924275;41.64773976056565;644
H;120.0;LG;79.9828860522479;124.07744995549176;41.873857185208514;644
H;130.0;LG;35.893609769147126;415.1097925996453;52.36325957346418;639
H;140.0;LG;73.7846927755052;396.8410077235233;51.972330875884644;633
H;150.0;LG;56.060731669308765;224.66175213271313;47.03058283230824;630
H;160.0;LG;33.40673617422276;389.5619896130892;51.81153150486001;629
H;170.0;LG;19.71408700394641;281.9912929115552;49.004713974979815;630
H;180.0;LG;15.608074639892068;272.94151830183375;48.72139206172448;621
H;190.0;LG;11.62081375135067;295.75627785930965;49.41867943866004;621
H;200.0;LG;2.822825422611456;91.80584310005062;39.257406466149526;621
H;210.0;LG;9.419030829204985;182.03791259766183;45.20323693742161;627
H;220.0;LG;8.079095479799614;299.1090210400184;49.51659022845122;628
H;230.0;LG;1.4302653659232725;91.9013993839112;39.266442488893844;636
H;240.0;LG;4.304855179392144;267.73088571720706;48.553969494924715;627
H;250.0;LG;1.6356555982410126;101.48503383297296;40.12804001680847;627
H;260.0;LG;4.808025485702753;249.81195506106621;47.95226436473469;626
H;270.0;LG;3.1795119760913844;167.01694756104507;44.45521084316746;634
H;280.0;LG;2.320194341382224;135.59671376753235;42.644983287682685;627
H;290.0;LG;1.147354337551194;85.71773167454035;38.661413398057356;622
H;300.0;LG;3.27548581722116;208.27242859550375;46.372635624459384;628
H;310.0;LG;1.2243286349426528;94.5872160134108;39.516648861226486;627
H;320.0;LG;1.2985139114788162;86.40738015779247;38.73101675349513;625
H;330.0;LG;1.1637948155495315;81.77286720790411;38.25218451435249;625
H;340.0;LG;0.6620319464300318;48.46354323392577;33.7083032561571;626
H;350.0;LG;0.5829911192930451;34.477658579120224;30.75075529346218;625
H;360.0;LG;0.569459120473705;40.02440078906556;32.046496775124524;628
H;370.0;LG;0.6536903613084222;54.91519174918847;34.79385008760487;629
H;380.0;LG;0.3780552013899202;28.957444486566654;29.235204648876923;629
H;390.0;LG;0.7519861728868077;58.91378742532182;35.40433886756821;622
H;400.0;LG;0.41433556988320547;30.59808059298206;29.7138836838661;632
H;410.0;LG;0.5041913619670745;37.15472855076353;31.400281854702975;637
H;420.0;LG;0.2980929689522741;21.80025323248918;26.76923076827002;641
H;430.0;LG;0.2632985217119015;17.254031059015677;24.737811509538545;632
H;440.0;LG;0.2202816325394579;15.61171843395588;23.869014198735638;642
H;450.0;LG;0.2052634616520872;14.830525726497665;23.42313093165331;643
H;460.0;LG;0.21010220006232427;14.974435837675276;23.507009386235467;639
H;470.0;LG;0.12439398994375601;9.328180732136353;19.39593903776949;642
H;480.0;LG;0.17874375775434234;13.633756179857349;22.692310459979907;638
H;490.0;LG;0.06012236180805768;4.622103175595831;13.296792713349994;644
H;500.0;LG;0.11180420881788715;8.667357016036739;18.757733718057708;643
H;510.0;LG;0.08864299446569757;6.825407018899674;16.682571094597314;632
H;520.0;LG;0.11194507649403423;8.139627361547795;18.212090460123232;642
H;530.0;LG;0.07134227997614484;5.880038362496008;15.387603190114538;642
H;540.0;LG;0.05493642274969875;4.213058270223652;12.491949316700666;650
H;550.0;LG;0.0610749524150282;4.672565156469158;13.391107322034925;641
H;560.0;LG;0.033988070451703885;2.734235763719513;8.736719191233613;639
H;570.0;LG;0.06271987985723255;4.990066764488344;13.9621271259143;640
H;580.0;LG;0.032726166337522254;2.708858700697537;8.655727039697693;640
H;590.0;LG;0.03557293592184874;3.04235884909027;9.664208763624782;617
I;100.0;LG;0.03351201179194074;2.4884398511711003;7.918542954884451;644
I;110.0;LG;27.659032641519268;86.55611282046569;38.7459548862737;657
I;120.0;LG;81.82299087558242;156.02934299604584;43.86412559566793;653
I;130.0;LG;30.493881155743377;290.65502750864283;49.267556788433915;627
I;140.0;LG;59.516024675845;151.70433124639607;43.619959606447466;633
I;150.0;LG;57.575331594319685;145.0367224902449;43.22955954203533;633
I;160.0;LG;24.493565570206606;245.1088517369979;47.7871799085273;624
I;170.0;LG;23.04254038671436;128.11095295177265;42.151725233951666;625
I;180.0;LG;13.344769325480847;142.6593931920949;43.08600744796425;627
I;190.0;LG;10.492817840046575;259.9596180960163;48.2981178055595;626
I;200.0;LG;2.3610065393257997;55.817451716506305;34.935400107501565;612
I;210.0;LG;9.552841791227662;149.1321755679684;43.47142706947417;619
I;220.0;LG;9.39221036625125;234.89416004478136;47.4174443890341;622
I;230.0;LG;1.4316969925098708;66.46877041353287;36.452352899220784;621
I;240.0;LG;5.292801426393453;117.8392358392896;41.42579835085037;621
I;250.0;LG;1.2058721045456295;75.30921829883495;37.53696279394311;621
I;260.0;LG;5.355683548707605;134.2693982063087;42.559540848381374;624
I;270.0;LG;3.260600017302332;232.23313078416348;47.318483540639306;622
I;280.0;LG;3.523863798488691;211.93818083645724;46.52418404529587;620
I;290.0;LG;1.139833338108177;90.71426834882915;39.153512042812366;619
I;300.0;LG;3.2911693448434765;191.9446464871422;45.66352007499024;622
I;310.0;LG;1.4113783122784858;90.10124500227316;39.09461584042067;622
I;320.0;LG;1.3765209876870308;85.04169076969782;38.5926377218971;618
I;330.0;LG;1.2246409717215736;88.97629863477617;38.985486707510695;623
I;340.0;LG;0.7298415551025431;54.912590565141215;34.79343865077003;623
I;350.0;LG;0.7174238364272032;52.8296706825206;34.45755806980168;622
I;360.0;LG;0.7012015866720561;46.950076586969054;33.43272610084809;622
I;370.0;LG;0.3879117013168642;31.00194135277528;29.827777807265438;625
I;380.0;LG;0.3968880017411835;31.758194920002577;30.03711619842571;625
I;390.0;LG;0.8558862357268033;70.77939565490621;36.99813700246396;625
I;400.0;LG;0.27406590045986057;21.340128524320658;26.583940614079395;624
I;410.0;LG;0.33807436683727177;25.36505847237953;28.084717356094284;624
I;420.0;LG;0.30001024833661727;23.516587326903405;27.427485963193384;624
I;430.0;LG;0.15781259021758529;11.895176683368605;21.507417943089337;623
I;440.0;LG;0.2004393795534455;15.610595137750893;23.868389208095586;620
I;450.0;LG;0.21020702711027375;16.53539353733449;24.368290708984706;622
I;460.0;LG;0.2155863798827166;17.23598461913313;24.728721957307123;621
I;470.0;LG;0.16481613462217237;12.279880899549905;21.783883093563723;618
I;480.0;LG;0.1268599610584136;10.375672602297342;20.320325188160915;621
I;490.0;LG;0.08644086971978916;6.509107892647709;16.270429406235394;617
I;500.0;LG;0.12502233603653673;10.333688883914352;20.28510764229006;620
I;510.0;LG;0.09558021839471342;7.731557269113731;17.76533954270741;619
I;520.0;LG;0.07985210660708038;6.648751659509886;16.454802234546854;625
I;530.0;LG;0.04194499732685722;3.468863193021991;10.803743444594257;623
I;540.0;LG;0.042152522714430506;3.4719854319586623;10.81155788519716;618
I;550.0;LG;0.054517322527140824;4.54879255255645;13.157922626094214;619
I;560.0;LG;0.010130660689714544;0.8082757220710812;-1.8488093155026881;623
I;570.0;LG;0.032634134815737154;2.8083917900471027;8.969153895268331;618
I;580.0;LG;0.04184884834381202;3.659382528353726;11.26815620432528;619
I;590.0;LG;0.03658506931015819;3.160600311349093;9.99539157101046;615
J;100.0;LG;0.032926678064305444;2.5429865552013724;8.106881281238994;644
J;110.0;LG;36.97331986251178;110.32560528106663;40.85352637604536;630
J;120.0;LG;83.67932133306415;131.51954995772186;42.37980628201981;650
J;130.0;LG;36.43460087405189;424.99567517624934;52.56769021245815;641
J;140.0;LG;74.994623775977;374.6596223386305;51.472737820220175;610
J;150.0;LG;57.57627791368669;194.52203212894577;45.77937595797809;625
J;160.0;LG;35.05984542419302;477.21989650628024;53.5743708442558;615
J;170.0;LG;21.05019495848341;220.8780251388344;46.88305021279609;614
J;180.0;LG;15.37786794407396;250.8472048977235;47.98818532399791;622
J;190.0;LG;11.89999192476729;228.8803321138024;47.19216949949945;612
J;200.0;LG;2.744763535579475;91.0534339093171;39.18592658081671;616
J;210.0;LG;9.549173258156534;198.33094182763136;45.94780948498531;620
J;220.0;LG;8.34328660753483;190.59316845894705;45.602146598265065;619
J;230.0;LG;1.5514141164183064;114.46838457912538;41.17371107870972;618
J;240.0;LG;4.317528560462189;225.40792751518939;47.05938371916705;621
J;250.0;LG;1.645231532992081;102.07879876184867;40.17871101473411;618
J;260.0;LG;5.165116745724849;262.5137491989569;48.383041091591025;619
J;270.0;LG;3.091074098785623;207.45314003034295;46.33840025474167;619
J;280.0;LG;2.329499777876781;130.64161532658795;42.321630832472806;617
J;290.0;LG;1.1556610401285816;93.97562746035159;39.46030468221736;616
J;300.0;LG;3.3335149202865115;222.1605211456504;46.93333771028648;614
J;310.0;LG;1.2896844815316573;103.11476659424237;40.26641726128279;616
J;320.0;LG;1.2877681391980766;96.21926882448172;39.66524104702839;618
J;330.0;LG;1.1426527184219057;81.23756540456492;38.19513799253661;615
J;340.0;LG;0.7305277480194675;57.02993390907758;35.122057365793104;619
J;350.0;LG;0.5165243315371338;33.0968272465293;30.395727261999113;621
J;360.0;LG;0.5492242743371143;40.04153955442136;32.05021534574391;621
J;370.0;LG;0.6399624543988773;53.70981270768363;34.60107275886307;620
J;380.0;LG;0.4230725575364712;33.96587191573369;30.620855351201786;621
J;390.0;LG;0.7639921951736802;57.381839468988;35.17548932310249;625
J;400.0;LG;0.3920656598910633;28.632871173251708;29.137297985356362;625
J;410.0;LG;0.5207085332220297;38.03333981706077;31.6032892746968;621
J;420.0;LG;0.3102637563789018;24.355435661012745;27.731918049522303;622
J;430.0;LG;0.27881327449558774;20.780159240918067;26.35297742571964;622
J;440.0;LG;0.22062099490544942;16.608435642793513;24.40657455908493;622
J;450.0;LG;0.20839446467263043;14.687224898969731;23.33879490162234;622
J;460.0;LG;0.15297761413675032;12.207964684217128;21.732865285296366;621
J;470.0;LG;0.12130899375298702;9.13046839320306;19.20986114842009;622
J;480.0;LG;0.1744997381068566;14.117264093500802;22.995010783858362;621
J;490.0;LG;0.04869200803838829;3.909694095088393;11.842855567291545;623
J;500.0;LG;0.14167802910631047;11.366632103637862;21.112636073922086;624
J;510.0;LG;0.09065303800050736;7.574139755936094;17.586666286812836;622
J;520.0;LG;0.07832607462517102;6.353114416986055;16.05973353742528;619
J;530.0;LG;0.05778283011026224;4.885387810129561;13.777980888687399;621
J;540.0;LG;0.07786433509462637;6.503723792858212;16.263241777843547;620
J;550.0;LG;0.0553109189400077;5.0576560071322865;14.078985755665476;627
J;560.0;LG;0.05325702445537772;4.529961034172;13.12188932627489;619
J;570.0;LG;0.06076029623728333;5.328243889811424;14.53168191174008;621
J;580.0;LG;0.04056925879824894;3.4441311521775875;10.741593619758428;622
J;590.0;LG;0.012653657610992542;1.10054370044318;0.8321458443664906;638
L;100.0;LG;0.010937534565769035;0.8584325272771791;-1.3258766934108057;644
L;110.0;LG;34.63003900776184;68.49359562266297;36.712999308456446;644
L;120.0;LG;63.3184838328096;78.97052482821478;37.94930048578747;646
L;130.0;LG;21.515637209007807;83.59447792907685;38.443551796593965;625
L;140.0;LG;78.00285006753504;280.207358974991;48.94959073607317;617
L;150.0;LG;48.26384186344003;146.9761681282198;43.34493841068032;611
L;160.0;LG;16.068111345198258;268.43542655510555;48.57679661906741;612
L;170.0;LG;16.2083585389744;140.34494315663943;42.9439353791338;622
L;180.0;LG;13.791133019160373;279.50633603080206;48.92783314405711;617
L;190.0;LG;6.784865216831502;168.27018775952135;44.52014358649285;608
L;200.0;LG;1.7028915306705923;54.60745708445898;34.74503906270105;619
L;210.0;LG;6.589987225812603;93.71767375145167;39.43643000109209;615
L;220.0;LG;5.6041371471127155;163.06742945878742;44.247344503590895;617
L;230.0;LG;1.4884608230963283;59.13055623840949;35.43623928812878;614
L;240.0;LG;4.411899748475593;204.21871929032017;46.20191096578026;615
L;250.0;LG;0.6840262663328261;45.34909448631031;33.13137239307116;614
L;260.0;LG;2.7882819733079947;139.8620638336912;42.91399864982337;615
L;270.0;LG;1.270115165547027;69.74557840094742;36.870333604665404;613
L;280.0;LG;1.2260740457592418;74.98448280546222;37.499428006714616;612
L;290.0;LG;0.5907406852284287;44.530038934400565;32.973061497049756;614
L;300.0;LG;1.5760226974177078;89.42010773292381;39.02870377536541;616
L;310.0;LG;0.6590749725122308;50.398953373193876;34.04843035233662;615
L;320.0;LG;0.5965075849671773;43.268925527414105;32.72352221490176;613
L;330.0;LG;0.5191955749082976;36.22702242669914;31.180652798937697;623
L;340.0;LG;0.2527837275899457;19.345795698247883;25.73173194167934;616
L;350.0;LG;0.176940566375103;13.258197676162986;22.449689798875045;633
L;360.0;LG;0.25234186273570786;17.35131073982851;24.78664575034577;621
L;370.0;LG;0.10549371389799582;8.073822238353927;18.141583666034226;624
L;380.0;LG;0.16435272061776454;12.948569094002066;22.24443557079459;614
L;390.0;LG;0.21869461660533923;17.987169824450756;25.09925670068874;620
L;400.0;LG;0.09048143591753782;6.758712085415385;16.597278926270057;615
L;410.0;LG;0.09156689088597796;7.1469485639137655;17.082413130511362;616
L;420.0;LG;0.07839356695330214;5.588148039562607;14.945358055906318;612
L;430.0;LG;0.07124312248706584;5.235049154526118;14.378415276894096;615
L;440.0;LG;0.03990304838542126;3.0697541341270727;9.74207185828718;626
L;450.0;LG;0.03254652076443884;2.580765665855716;8.234971445809453;615
L;460.0;LG;0.02611626405811895;2.092922036399505;6.4150610140539825;615
L;470.0;LG;0.03415221788966713;2.6717270389935863;8.535841714435868;627
L;480.0;LG;0.035453345092289215;2.680751579988048;8.565131412525254;616
L;490.0;LG;0.004889322542278544;0.39401404533363;-8.089765933936672;617
L;500.0;LG;0.013326659495719265;1.0159242160084787;0.137226249570636;628
L;510.0;LG;0.0198610312574816;1.631747914030584;4.253061323630108;618
L;520.0;LG;0.01466277456347453;1.1507871625008064;1.2199001702719514;617
L;530.0;LG;0.03313765060034328;2.6710694843269045;8.533703715255216;621
L;540.0;LG;0.0005325006162090094;0.042179628472952986;-27.497944998738145;619
L;550.0;LG;-0.016052964887042605;1.2474652570770257;1.9205691801795453;619
L;560.0;LG;-0.0019294958748980503;0.15673842559723547;-16.096490398761066;621
L;570.0;LG;0.023899484086312667;1.9381495146607042;5.747745535692916;629
L;580.0;LG;0.007634364227767385;0.6766891434633453;-3.392215822237929;627
L;590.0;LG;0.0077408663906241475;0.6557947892580286;-3.6646407684436335;632
O;100.0;LG;0.031610574571161315;2.4529733770648177;7.793856693792732;649
O;110.0;LG;36.39141809222229;105.5081090643926;40.465716792026015;500
O;120.0;LG;88.81359442291067;96.91880751704119;39.72816123932282;626
O;130.0;LG;38.26056428990736;327.8898185181825;50.31455862737807;640
O;140.0;LG;72.43551305248245;183.5626602351528;45.27568685941035;628
O;150.0;LG;61.54625055739166;139.7005945703795;42.903965089797666;630
O;160.0;LG;34.53483319751273;518.3761870961417;54.292900858397395;629
O;170.0;LG;20.699524539349767;219.2927229973902;46.82048440605257;627
O;180.0;LG;15.01681149129916;186.25233126711885;45.402034347881425;629
O;190.0;LG;11.72646322165342;227.11257282796242;47.12482354381023;612
O;200.0;LG;2.8174785457330787;94.15346620456333;39.47672625886574;621
O;210.0;LG;8.950429748421607;138.6797015610637;42.840257967659106;617
O;220.0;LG;8.2033961683552;132.98087459354733;42.47578369817636;617
O;230.0;LG;1.5042809519557319;104.16846539771015;40.354725324275265;617
O;240.0;LG;4.2009905478585825;265.29720999275054;48.474653654669254;628
O;250.0;LG;1.6514972809868835;93.10778168199506;39.37971959176869;619
O;260.0;LG;4.926605482548996;236.24868786132512;47.467388101833976;620
O;270.0;LG;3.0183049234344157;146.13638363401066;43.295167117358375;618
O;280.0;LG;2.3704984330962873;125.79405423187568;41.99320228556951;620
O;290.0;LG;1.1989138561788333;87.65683766569839;38.8557159772577;618
O;300.0;LG;3.0923818990988288;194.57094738184986;45.781559870374124;616
O;310.0;LG;1.219859961422979;97.90924413572566;39.81647395610486;614
O;320.0;LG;1.3165375096875536;92.38911021245674;39.3124156899106;616
O;330.0;LG;1.0711862164964654;71.76960905629953;37.11881161096253;616
O;340.0;LG;0.6611218048660125;48.46185522208576;33.70800071657955;617
O;350.0;LG;0.5760994755408924;36.89933979632681;31.340371916472694;618
O;360.0;LG;0.4924508158123408;33.51650140227277;30.505173575664486;618
O;370.0;LG;0.5979337248551184;49.38696589276442;33.87224691865284;620
O;380.0;LG;0.4650501701118622;36.81387081702944;31.320229680144656;617
O;390.0;LG;0.7372927091002608;56.38962321948635;35.023983855149;620
O;400.0;LG;0.3799928487421612;29.129908973052867;29.286782550388835;619
O;410.0;LG;0.46106062116280033;33.48598365445011;30.49726121815429;619
O;420.0;LG;0.2854592811375991;22.450996828823804;27.024712570614575;619
O;430.0;LG;0.2440893902989343;18.104436568724356;25.155700272205593;618
O;440.0;LG;0.20520948195393443;15.311732224516495;23.700486508927373;619
O;450.0;LG;0.2165860358808544;15.666176142467028;23.899260104378676;620
O;460.0;LG;0.17199399737796658;12.938096705671601;22.23740785892535;621
O;470.0;LG;0.1022837077770552;7.4277048189944805;17.41709272626303;619
O;480.0;LG;0.17838292566493874;14.209418070195378;23.051525845561308;621
O;490.0;LG;0.07148107852678645;5.558096136759611;14.898521087413322;620
O;500.0;LG;0.12602887934002668;9.624542467475324;19.66760186267843;627
O;510.0;LG;0.07614452939800735;6.210502690174403;15.862535084797846;619
O;520.0;LG;0.06576281616488515;5.18893961340266;14.301572331922802;618
O;530.0;LG;0.03885874364126662;3.2446724729940404;10.223417287132397;621
O;540.0;LG;0.06342841537909535;5.108634024963544;14.166095831559307;618
O;550.0;LG;0.07124114739786441;6.137021349548146;15.759152682314854;625
O;560.0;LG;0.04984739194257826;4.2306858523859665;12.52821556386758;616
O;570.0;LG;0.02463497034547666;2.068884871005862;6.3147264756827095;621
O;580.0;LG;0.02547396063950087;2.02050234996722;6.109187197797567;622
O;590.0;LG;0.03872453819865267;3.395432759209535;10.617902688436924;616
