channel;band;freq;DR_dB
HG;100-210;100.0;37.378253295535096
HG;100-210;110.0;14.126951708096867
HG;100-210;120.0;17.569568048791385
HG;100-210;130.0;16.722504532679217
HG;100-210;140.0;15.975546393949463
HG;100-210;150.0;14.506715913666046
HG;100-210;160.0;14.19498987770113
HG;100-210;170.0;18.24047931132531
HG;100-210;180.0;14.625829660558141
HG;100-210;190.0;13.11318571460406
HG;100-210;200.0;14.377928476309565
HG;100-210;210.0;13.897843129133696
HG;100-210;BAND_MEDIAN;14.566272787112094
HG;210-600;220.0;15.340410919234738
HG;210-600;230.0;41.881439762072155
HG;210-600;240.0;14.599911931552338
HG;210-600;250.0;38.21507329328151
HG;210-600;260.0;16.31260400706067
HG;210-600;270.0;14.427844845925371
HG;210-600;280.0;15.580851793272679
HG;210-600;290.0;68.90217390778228
HG;210-600;300.0;17.647974158545868
HG;210-600;310.0;59.69650924425403
HG;210-600;320.0;47.76128966425578
HG;210-600;330.0;49.443137819532296
HG;210-600;340.0;49.56944790119373
HG;210-600;350.0;43.33236633885179
HG;210-600;360.0;46.7192685630327
HG;210-600;370.0;46.855152554885386
HG;210-600;380.0;46.89343744528405
HG;210-600;390.0;47.11857490767916
HG;210-600;400.0;46.29307901734527
HG;210-600;410.0;46.37576195619316
HG;210-600;420.0;46.084509600070504
HG;210-600;430.0;46.204202375901374
HG;210-600;440.0;44.010547551839466
HG;210-600;450.0;43.795432269376356
HG;210-600;460.0;46.674951529073134
HG;210-600;470.0;40.27984142560768
HG;210-600;480.0;43.699776595837214
HG;210-600;490.0;41.1369678457519
HG;210-600;500.0;41.26008666263114
HG;210-600;510.0;41.16896233775138
HG;210-600;520.0;39.77242633116748
HG;210-600;530.0;38.61077811788041
HG;210-600;540.0;37.47151337568325
HG;210-600;550.0;37.48634536329511
HG;210-600;560.0;34.76450339269342
HG;210-600;570.0;37.15812205645656
HG;210-600;580.0;33.28760692005938
HG;210-600;590.0;34.14465770151104
HG;210-600;BAND_MEDIAN;41.57076321235165
LG;100-210;100.0;51.81213665978946
LG;100-210;110.0;28.517763500547964
LG;100-210;120.0;32.4155392361071
LG;100-210;130.0;36.4413119840831
LG;100-210;140.0;38.59621640940311
LG;100-210;150.0;33.04188001503186
LG;100-210;160.0;36.96700220966417
LG;100-210;170.0;31.508893185935776
LG;100-210;180.0;32.247723884363204
LG;100-210;190.0;33.11827338772406
LG;100-210;200.0;30.316775790025954
LG;100-210;210.0;31.063223343947538
LG;100-210;BAND_MEDIAN;32.72870962556948
LG;210-600;220.0;29.684952707561063
LG;210-600;230.0;21.981288243347358
LG;210-600;240.0;30.4730038949991
LG;210-600;250.0;21.515827571825305
LG;210-600;260.0;28.89195612701167
LG;210-600;270.0;29.270052636151664
LG;210-600;280.0;27.765106804373794
LG;210-600;290.0;24.64326577639193
LG;210-600;300.0;25.153373004316542
LG;210-600;310.0;26.389173521544844
LG;210-600;320.0;19.560076481597473
LG;210-600;330.0;20.503441626745065
LG;210-600;340.0;22.762317219627903
LG;210-600;350.0;18.626576892522966
LG;210-600;360.0;18.264309591112983
LG;210-600;370.0;18.1937387125454
LG;210-600;380.0;19.937704993561816
LG;210-600;390.0;18.171603027407553
LG;210-600;400.0;15.334829082234162
LG;210-600;410.0;16.975319042209033
LG;210-600;420.0;14.45206216690244
LG;210-600;430.0;15.195309127950456
LG;210-600;440.0;14.10081624277803
LG;210-600;450.0;16.09015479075945
LG;210-600;460.0;13.985068158516068
LG;210-600;470.0;13.964905240238787
LG;210-600;480.0;14.298975303507092
LG;210-600;490.0;14.218578789137577
LG;210-600;500.0;14.43547414581232
LG;210-600;510.0;13.588878215156235
LG;210-600;520.0;15.067406496382304
LG;210-600;530.0;13.110023052545877
LG;210-600;540.0;14.839564603651825
LG;210-600;550.0;13.703356381463385
LG;210-600;560.0;14.281304028462634
LG;210-600;570.0;12.79081725388463
LG;210-600;580.0;12.553515285003026
LG;210-600;590.0;12.710145425146353
LG;210-600;BAND_MEDIAN;16.53273691648424
