channel;freq;n_windows;noise_floor_mV;ult_mV
HG;100.0;708;0.4370466387770907;1.3974279674633614
HG;110.0;670;0.13617334432505754;0.2954970366018643
HG;120.0;684;0.13141348871519476;0.2966711425353625
HG;130.0;736;0.12102891768980084;0.3055263811302295
HG;140.0;715;0.13097254850906145;0.2913782777884058
HG;150.0;688;0.13554835396216458;0.3093517275605622
HG;160.0;698;0.1263679872748555;0.28952812212863976
HG;170.0;692;0.14335984329837648;0.3163687816048889
HG;180.0;686;0.1474601566559921;0.31807594809529144
HG;190.0;686;0.14404067505584417;0.3085511700381428
HG;200.0;723;0.1451140426805153;0.3133102317648086
HG;210.0;705;0.15991381716041095;0.3274106568151015
HG;220.0;720;0.15184409594006137;0.3160542120030682
HG;230.0;718;8.205553447791566;21.764946633953794
HG;240.0;720;0.15338262583582432;0.31802536491610145
HG;250.0;718;5.937977611757522;15.331997431549226
HG;260.0;716;0.1526518877848862;0.313549715062138
HG;270.0;718;0.14223358735672398;0.29201123229542114
HG;280.0;699;0.14902588701301744;0.3135646121450166
HG;290.0;705;0.26586260140901813;0.8225675523619627
HG;300.0;711;0.15271645417335591;0.3342623361692004
HG;310.0;707;0.17342233608972818;0.40691798473274055
HG;320.0;715;3.432020542414312;8.54495227236632
HG;330.0;712;1.2194295207013672;3.9250163608519486
HG;340.0;717;2.1815846515465633;7.058825616460993
HG;350.0;712;5.187676030629824;12.164293930245297
HG;360.0;716;2.703152714600434;5.828110483224534
HG;370.0;695;2.4702426153155437;5.3048064108683946
HG;380.0;695;3.289130241008992;7.4305035827053185
HG;390.0;701;2.75843292335371;6.348545641976242
HG;400.0;717;1.7017877880165695;3.7314934740486283
HG;410.0;717;2.1509944333590147;4.580376325212464
HG;420.0;717;1.3876173582153182;2.9046758392170555
HG;430.0;716;1.5326752752646229;3.434632310882346
HG;440.0;718;1.145732688420034;2.443070249039467
HG;450.0;717;1.4025361779608299;2.9892969725948393
HG;460.0;714;1.071881238145438;2.3836181734589967
HG;470.0;715;1.0373329521522272;2.175547212377511
HG;480.0;716;1.005317436153387;2.174068031554647
HG;490.0;718;0.9184614191155751;1.9686441608499765
HG;500.0;717;0.9644088891515338;1.9279015394369903
HG;510.0;715;0.8825117984288834;1.852986083478108
HG;520.0;715;0.9189616199295553;1.9783059298383439
HG;530.0;716;0.843070783390371;1.8176391553581555
HG;540.0;715;0.8782969524583415;1.8269462839918171
HG;550.0;716;0.9449436969860323;1.9623272291878449
HG;560.0;713;0.8726087476246165;1.8968815295420187
HG;570.0;718;0.845137636821563;1.8003480439900064
HG;580.0;715;0.8074274367778163;1.6788826776732348
HG;590.0;635;0.932549915364923;1.911236329098866
LG;100.0;708;0.25768893743751364;0.807419631272008
LG;110.0;670;3.2027284053207037;7.238700908405378
LG;120.0;684;3.7556981414959987;8.996539935530473
LG;130.0;736;0.7553637885448994;2.059309020529425
LG;140.0;715;0.9979023573009295;2.4416982500979767
LG;150.0;688;1.6821668245977035;3.7091508926081946
LG;160.0;698;0.5975053606474725;1.3549830828460774
LG;170.0;692;0.5573721419507938;1.1747320278595095
LG;180.0;686;0.7723534990064436;1.6625610719951558
LG;190.0;686;0.426502479414394;0.9818479597034891
LG;200.0;723;0.48958562063951205;1.032130423824849
LG;210.0;705;0.3471280704043764;0.7318802450784645
LG;220.0;720;0.2592478079220951;0.5576195498776116
LG;230.0;718;0.22071956278194857;0.45810305811565544
LG;240.0;720;0.21431453875550294;0.44653887419179433
LG;250.0;718;0.2045509985174875;0.41319654649714155
LG;260.0;716;0.20339916716618123;0.4466759494059025
LG;270.0;718;0.1995216766640207;0.4180504153756564
LG;280.0;699;0.1906310087195124;0.4009612719858002
LG;290.0;705;0.1778078813805787;0.40024928703870377
LG;300.0;711;0.21921878887780802;0.4613817979651008
LG;310.0;707;0.1787931884597989;0.36028161355625615
LG;320.0;715;0.19057776746627197;0.3987383468678223
LG;330.0;712;0.1853649936274322;0.3925059751380815
LG;340.0;717;0.17628019322425514;0.3819069708465052
LG;350.0;712;0.2022419831229677;0.42088424197349034
LG;360.0;716;0.19022244310181008;0.39634677538827157
LG;370.0;695;0.183632729885331;0.37557470321327424
LG;380.0;695;0.18170119016045244;0.3815560443283584
LG;390.0;701;0.19912537579602607;0.42703506858285845
LG;400.0;717;0.19092467741000768;0.3966240378239415
LG;410.0;717;0.1964111529932162;0.4104811518268619
LG;420.0;717;0.1900834358718566;0.39455628168475054
LG;430.0;716;0.1900993286543512;0.39767175673798905
LG;440.0;718;0.1812306898666921;0.39457977312524706
LG;450.0;717;0.17872780637082636;0.37303279972703574
LG;460.0;714;0.1748020556946977;0.3597103809984393
LG;470.0;715;0.16800193890945767;0.3482291591863743
LG;480.0;716;0.17854382096230825;0.3731448942602912
LG;490.0;718;0.1719326803197598;0.35512577495171427
LG;500.0;717;0.17176067239775347;0.36889097722272257
LG;510.0;715;0.17923533139214154;0.38732400869106354
LG;520.0;715;0.16733779579092123;0.34712793037706635
LG;530.0;716;0.16642257064651325;0.3516726641839151
LG;540.0;715;0.1706006433242185;0.3633117673158316
LG;550.0;716;0.16653626492344228;0.33576704838199656
LG;560.0;713;0.16676499924220686;0.3525818826878204
LG;570.0;718;0.16390312929318018;0.354666195773905
LG;580.0;715;0.1619345641178183;0.3350790373256539
LG;590.0;635;0.17190854787084975;0.347559121149266
