fold;held_out_day;norm_mode;option;K;model;acc;prec;rec;f1;acc_EG;acc_HJ;n_feat;train_time_s;selected_freqs
0;3;alpha;shared-alpha;1;RF;0.25925925925925924;0.24713773202325257;0.25925925925925924;0.23572095054915407;0.06910569105691057;0.49173553719008267;2;1.3877379894256592;370
1;1;alpha;shared-alpha;1;RF;0.4015151515151515;0.37947559501684486;0.4015151515151515;0.3757756487762715;0.05394190871369295;0.22131147540983606;2;1.2799327373504639;350
2;5;alpha;shared-alpha;1;RF;0.3333333333333333;0.28068893308401727;0.3333333333333333;0.26837804831379747;0.1934156378600823;0.5247933884297521;2;1.3632662296295166;350
3;4;alpha;shared-alpha;1;RF;0.3997233748271093;0.3588607752024448;0.3997233748271093;0.3657098428227058;0.23651452282157676;0.24066390041493776;2;1.160144567489624;350
4;2;alpha;shared-alpha;1;RF;0.32150943396226417;0.27300236662150484;0.32150943396226417;0.28209677013522116;0.3677685950413223;0.4166666666666667;2;1.1588788032531738;360
0;3;alpha;shared-alpha;1;NB;0.5137174211248285;0.35655139200554;0.5137174211248285;0.40975423261842786;0.0;0.41735537190082644;2;0.007273435592651367;370
1;1;alpha;shared-alpha;1;NB;0.25;0.24088104245481293;0.25;0.24531400311297885;0.0;0.0;2;0.008764028549194336;350
2;5;alpha;shared-alpha;1;NB;0.29330572808833677;0.20467500934415492;0.29330572808833677;0.22146575846883626;0.00823045267489712;0.49173553719008267;2;0.007249355316162109;350
3;4;alpha;shared-alpha;1;NB;0.5110650069156293;0.5004524778898392;0.5110650069156293;0.4586265700314366;0.7468879668049793;0.2821576763485477;2;0.007512807846069336;350
4;2;alpha;shared-alpha;1;NB;0.249811320754717;0.15603031439900317;0.249811320754717;0.18941412096791257;0.0;0.4166666666666667;2;0.008687257766723633;360
0;3;alpha;shared-alpha;1;LR;0.3779149519890261;0.3516277943092131;0.3779149519890261;0.29841518874160583;0.0040650406504065045;0.5;2;0.11341476440429688;370
1;1;alpha;shared-alpha;1;LR;0.2741046831955923;0.22264145954511788;0.2741046831955923;0.23454315486403024;0.0;0.319672131147541;2;0.05828976631164551;350
2;5;alpha;shared-alpha;1;LR;0.2808833678398896;0.28290404849009004;0.2808833678398896;0.2562039340270618;0.19753086419753085;0.0;2;0.05615234375;350
3;4;alpha;shared-alpha;1;LR;0.39557399723374825;0.3616353528411019;0.39557399723374825;0.34063900547842507;0.2863070539419087;0.5435684647302904;2;0.05148506164550781;350
4;2;alpha;shared-alpha;1;LR;0.26867924528301884;0.2804379216587081;0.26867924528301884;0.20065050101659046;0.045454545454545456;0.48333333333333334;2;0.068603515625;360
0;3;alpha;shared-alpha;1;GB;0.25377229080932784;0.2500669976463555;0.25377229080932784;0.23164157238857921;0.032520325203252036;0.5;2;5.5858235359191895;370
1;1;alpha;shared-alpha;1;GB;0.45523415977961434;0.3874914577184041;0.45523415977961434;0.4016655092693232;0.02074688796680498;0.14754098360655737;2;6.251819610595703;350
2;5;alpha;shared-alpha;1;GB;0.3409247757073844;0.27505514819140714;0.3409247757073844;0.2592577442163239;0.0823045267489712;0.512396694214876;2;5.63510799407959;350
3;4;alpha;shared-alpha;1;GB;0.4322268326417704;0.36360591445835794;0.4322268326417704;0.3813071181998791;0.22821576763485477;0.1991701244813278;2;6.672466993331909;350
4;2;alpha;shared-alpha;1;GB;0.3366037735849057;0.34579573242095535;0.3366037735849057;0.30740537673026863;0.4090909090909091;0.38333333333333336;2;4.6894495487213135;360
0;3;alpha;shared-alpha;1;SVM;0.46433470507544583;0.26357946471753924;0.46433470507544583;0.32292865895421774;0.0;0.5;2;0.3400235176086426;370
1;1;alpha;shared-alpha;1;SVM;0.3271349862258953;0.3371437301379136;0.3271349862258953;0.2922763754855118;0.0;0.16393442622950818;2;0.46480512619018555;350
2;5;alpha;shared-alpha;1;SVM;0.33540372670807456;0.20388777403304792;0.33540372670807456;0.24304750384287;0.0;0.4793388429752066;2;0.24312591552734375;350
3;4;alpha;shared-alpha;1;SVM;0.5110650069156293;0.42168662434616305;0.5110650069156293;0.40856184200640044;0.24896265560165975;0.3360995850622407;2;0.48142051696777344;350
4;2;alpha;shared-alpha;1;SVM;0.2890566037735849;0.29373688577979956;0.2890566037735849;0.24840262987099845;0.256198347107438;0.3541666666666667;2;0.25901365280151367;360
0;3;alpha;shared-alpha;3;RF;0.8223593964334706;0.7478147829138355;0.8223593964334706;0.7697467566363011;0.5040650406504065;0.5;6;1.0307815074920654;370,360,350
1;1;alpha;shared-alpha;3;RF;0.8429752066115702;0.8547758515580969;0.8429752066115702;0.8173519192226735;0.7800829875518672;0.47950819672131145;6;0.9340958595275879;350,330,370
2;5;alpha;shared-alpha;3;RF;0.5424430641821946;0.6583741666676179;0.5424430641821946;0.4929055728190632;0.6213991769547325;0.5785123966942148;6;1.2477145195007324;350,370,420
3;4;alpha;shared-alpha;3;RF;0.6479944674965422;0.6639709621581763;0.6479944674965422;0.6177964466884268;0.4854771784232365;0.8174273858921162;6;1.0048999786376953;350,370,360
4;2;alpha;shared-alpha;3;RF;0.7041509433962264;0.6773446358451489;0.7041509433962264;0.6296107646541335;0.44214876033057854;0.5083333333333333;6;1.2561304569244385;360,320,370
0;3;alpha;shared-alpha;3;NB;0.7530864197530864;0.8488518817880115;0.7530864197530864;0.7055499419691632;0.11788617886178862;0.5041322314049587;6;0.03386330604553223;370,360,350
1;1;alpha;shared-alpha;3;NB;0.6935261707988981;0.7663832154741438;0.6935261707988981;0.6411686822832297;0.3941908713692946;0.5532786885245902;6;0.007514476776123047;350,330,370
2;5;alpha;shared-alpha;3;NB;0.5507246376811594;0.6267195832675566;0.5507246376811594;0.5139914807806371;0.522633744855967;0.5537190082644629;6;0.007677555084228516;350,370,420
3;4;alpha;shared-alpha;3;NB;0.6666666666666666;0.6980681651370793;0.6666666666666666;0.6376948827337325;0.7178423236514523;0.8091286307053942;6;0.010744571685791016;350,370,360
4;2;alpha;shared-alpha;3;NB;0.5071698113207547;0.41342468916433184;0.5071698113207547;0.42887370739177777;0.0;0.4625;6;0.00926828384399414;360,320,370
0;3;alpha;shared-alpha;3;LR;0.8710562414266118;0.8343434915033251;0.8710562414266118;0.84290425573575;0.5040650406504065;0.7272727272727273;6;0.3171699047088623;370,360,350
1;1;alpha;shared-alpha;3;LR;0.6322314049586777;0.7364634217833929;0.6322314049586777;0.5948451724232785;0.0;0.5409836065573771;6;0.18115544319152832;350,330,370
2;5;alpha;shared-alpha;3;LR;0.48171152518978605;0.5411327095197784;0.48171152518978605;0.42981664643602424;0.34156378600823045;0.5;6;0.34461021423339844;350,370,420
3;4;alpha;shared-alpha;3;LR;0.661134163208852;0.6653810867099487;0.661134163208852;0.6311969514407854;0.5020746887966805;0.7966804979253111;6;0.15822863578796387;350,370,360
4;2;alpha;shared-alpha;3;LR;0.37358490566037733;0.35434284918751174;0.37358490566037733;0.35572745103471975;0.07851239669421488;0.1;6;0.18941831588745117;360,320,370
0;3;alpha;shared-alpha;3;GB;0.710562414266118;0.7072203028264146;0.710562414266118;0.6558991264273628;0.5040650406504065;0.5;6;14.091707706451416;370,360,350
1;1;alpha;shared-alpha;3;GB;0.7444903581267218;0.7058272572806004;0.7444903581267218;0.7194651478033701;1.0;0.47540983606557374;6;1387.1799964904785;350,330,370
2;5;alpha;shared-alpha;3;GB;0.5486542443064182;0.6285759843138142;0.5486542443064182;0.49397873836093453;0.6049382716049383;0.5743801652892562;6;13.840529680252075;350,370,420
3;4;alpha;shared-alpha;3;GB;0.6244813278008299;0.5549841792504144;0.6244813278008299;0.577531803827583;0.5020746887966805;0.7468879668049793;6;1387.6356360912323;350,370,360
4;2;alpha;shared-alpha;3;GB;0.5562264150943397;0.5091162875592418;0.5562264150943397;0.5097123985647306;0.23553719008264462;0.5;6;13.364681005477905;360,320,370
0;3;alpha;shared-alpha;3;SVM;0.8600823045267489;0.8565562558145822;0.8600823045267489;0.8445271317761169;0.5040650406504065;0.871900826446281;6;0.08579182624816895;370,360,350
1;1;alpha;shared-alpha;3;SVM;0.8870523415977961;0.886729048158908;0.8870523415977961;0.8835702357859871;0.983402489626556;0.45901639344262296;6;0.08636641502380371;350,330,370
2;5;alpha;shared-alpha;3;SVM;0.6438923395445134;0.6170158814740445;0.6438923395445134;0.5958397576705052;0.8106995884773662;0.6115702479338843;6;0.11896467208862305;350,370,420
3;4;alpha;shared-alpha;3;SVM;0.6763485477178424;0.6439998079878754;0.6763485477178424;0.6458157148828343;0.5020746887966805;0.6804979253112033;6;0.08190608024597168;350,370,360
4;2;alpha;shared-alpha;3;SVM;0.7358490566037735;0.8373617772292902;0.7358490566037735;0.685236898465473;0.5;0.5083333333333333;6;0.1384139060974121;360,320,370
0;3;alpha;shared-alpha;5;RF;0.7606310013717421;0.7110568444444049;0.7606310013717421;0.6877286357135951;0.5040650406504065;0.5;10;0.9362778663635254;370,360,350,330,400
1;1;alpha;shared-alpha;5;RF;0.7169421487603306;0.7461869394814441;0.7169421487603306;0.6771496811935102;0.5809128630705395;0.21721311475409835;10;0.9715721607208252;350,330,370,360,320
2;5;alpha;shared-alpha;5;RF;0.6142167011732229;0.641713401601374;0.6142167011732229;0.5407499605280819;0.5473251028806584;0.5619834710743802;10;0.9673354625701904;350,370,420,320,330
3;4;alpha;shared-alpha;5;RF;0.6721991701244814;0.6278281477971075;0.6721991701244814;0.6452852264223855;0.07468879668049792;0.9004149377593361;10;0.9354934692382812;350,370,360,340,330
4;2;alpha;shared-alpha;5;RF;0.8052830188679245;0.8044470799640612;0.8052830188679245;0.7583436519231818;0.859504132231405;0.5;10;0.9273369312286377;360,320,370,350,330
0;3;alpha;shared-alpha;5;NB;0.7914951989026063;0.8258057287210203;0.7914951989026063;0.7497169911904144;0.6951219512195121;0.5;10;0.009021282196044922;370,360,350,330,400
1;1;alpha;shared-alpha;5;NB;0.6887052341597796;0.6763682792730268;0.6887052341597796;0.6187016329184221;0.4149377593360996;0.4959016393442623;10;0.008615732192993164;350,330,370,360,320
2;5;alpha;shared-alpha;5;NB;0.7184265010351967;0.7241405945202654;0.7184265010351967;0.6523465552518196;1.0;0.5082644628099173;10;0.006814718246459961;350,370,420,320,330
3;4;alpha;shared-alpha;5;NB;0.6556016597510373;0.6559262951527716;0.6556016597510373;0.6105206422793352;0.7925311203319502;0.7925311203319502;10;0.005769491195678711;350,370,360,340,330
4;2;alpha;shared-alpha;5;NB;0.5849056603773585;0.6111560229841824;0.5849056603773585;0.5115700646893658;0.12396694214876033;0.5708333333333333;10;0.006512165069580078;360,320,370,350,330
0;3;alpha;shared-alpha;5;LR;0.8072702331961591;0.7331038764778242;0.8072702331961591;0.7543747367960084;0.5040650406504065;0.4132231404958678;10;0.24898266792297363;370,360,350,330,400
1;1;alpha;shared-alpha;5;LR;0.709366391184573;0.7411333481563674;0.709366391184573;0.6354324826983169;0.3775933609958506;0.48770491803278687;10;0.20893478393554688;350,330,370,360,320
2;5;alpha;shared-alpha;5;LR;0.5003450655624568;0.5977327912931968;0.5003450655624568;0.4619296031183912;0.102880658436214;0.5909090909090909;10;0.20357179641723633;350,370,420,320,330
3;4;alpha;shared-alpha;5;LR;0.6542185338865837;0.5255751737692187;0.6542185338865837;0.571985944271769;0.5020746887966805;0.4730290456431535;10;0.17396283149719238;350,370,360,340,330
4;2;alpha;shared-alpha;5;LR;0.6528301886792452;0.5420450460376309;0.6528301886792452;0.5858593604446359;0.3760330578512397;0.21666666666666667;10;0.21007013320922852;360,320,370,350,330
0;3;alpha;shared-alpha;5;GB;0.7448559670781894;0.696147394044531;0.7448559670781894;0.6681642216786188;0.5040650406504065;0.5;10;1390.1313676834106;370,360,350,330,400
1;1;alpha;shared-alpha;5;GB;0.7348484848484849;0.697511212877846;0.7348484848484849;0.6768850004117231;1.0;0.42213114754098363;10;14.486070394515991;350,330,370,360,320
2;5;alpha;shared-alpha;5;GB;0.7060041407867494;0.6670676984560946;0.7060041407867494;0.6636029306618648;0.7695473251028807;0.5785123966942148;10;1389.9807770252228;350,370,420,320,330
3;4;alpha;shared-alpha;5;GB;0.5138312586445366;0.6271471827488425;0.5138312586445366;0.506778527978106;0.5726141078838174;0.5020746887966805;10;14.972689390182495;350,370,360,340,330
4;2;alpha;shared-alpha;5;GB;0.660377358490566;0.594362382588284;0.660377358490566;0.6089109382221595;0.7933884297520661;0.5;10;1391.282749414444;360,320,370,350,330
0;3;alpha;shared-alpha;5;SVM;0.752400548696845;0.7080392649528731;0.752400548696845;0.6740633571658065;0.5040650406504065;0.5;10;0.0627892017364502;370,360,350,330,400
1;1;alpha;shared-alpha;5;SVM;0.8119834710743802;0.8018294291574595;0.8119834710743802;0.8005973140602672;0.9045643153526971;0.23770491803278687;10;0.08408665657043457;350,330,370,360,320
2;5;alpha;shared-alpha;5;SVM;0.6432022084195997;0.6220203098408963;0.6432022084195997;0.5778632162045484;0.5020576131687243;0.5743801652892562;10;0.06110239028930664;350,370,420,320,330
3;4;alpha;shared-alpha;5;SVM;0.7268326417704011;0.6963377990071515;0.7268326417704011;0.7038041973946069;0.4896265560165975;0.9128630705394191;10;0.07818436622619629;350,370,360,340,330
4;2;alpha;shared-alpha;5;SVM;0.7977358490566038;0.7560017535530913;0.7977358490566038;0.7634666231759448;0.5330578512396694;0.5;10;0.08636116981506348;360,320,370,350,330
0;3;alpha;shared-alpha;10;RF;0.7914951989026063;0.7971181456247166;0.7914951989026063;0.7898648889811235;0.0;0.8884297520661157;20;0.9426908493041992;370,360,350,330,400,420,320,460,230,500
1;1;alpha;shared-alpha;10;RF;0.8085399449035813;0.8427654487350402;0.8085399449035813;0.791255039170803;1.0;0.29918032786885246;20;0.9310781955718994;350,330,370,360,320,340,420,460,450,400
2;5;alpha;shared-alpha;10;RF;0.6887508626639062;0.6354295985254615;0.6887508626639062;0.6216246543602272;0.5020576131687243;0.6033057851239669;20;0.950554609298706;350,370,420,320,330,440,460,360,340,400
3;4;alpha;shared-alpha;10;RF;0.665283540802213;0.7180179929324594;0.665283540802213;0.6148795012710024;0.1908713692946058;0.983402489626556;20;0.954545259475708;350,370,360,340,330,320,440,460,310,450
4;2;alpha;shared-alpha;10;RF;0.8150943396226416;0.7242483262325016;0.8150943396226416;0.7544647849860636;0.5;0.5;20;0.9048566818237305;360,320,370,350,330,400,420,460,440,450
0;3;alpha;shared-alpha;10;NB;0.7187928669410151;0.6910800731127444;0.7187928669410151;0.6564048251694904;0.4796747967479675;0.6528925619834711;20;0.009019851684570312;370,360,350,330,400,420,320,460,230,500
1;1;alpha;shared-alpha;10;NB;0.6439393939393939;0.6517058184256339;0.6439393939393939;0.6013485440167166;0.4024896265560166;0.5;20;0.008510351181030273;350,330,370,360,320,340,420,460,450,400
2;5;alpha;shared-alpha;10;NB;0.8053830227743272;0.8125109468876455;0.8053830227743272;0.7515275316533184;1.0;0.8264462809917356;20;0.009005546569824219;350,370,420,320,330,440,460,360,340,400
3;4;alpha;shared-alpha;10;NB;0.7372060857538036;0.7528488621158055;0.7372060857538036;0.7168556080080424;0.991701244813278;0.7759336099585062;20;0.009505987167358398;350,370,360,340,330,320,440,460,310,450
4;2;alpha;shared-alpha;10;NB;0.7728301886792452;0.7675520052274769;0.7728301886792452;0.7319532805452509;0.44214876033057854;0.5041666666666667;20;0.007140159606933594;360,320,370,350,330,400,420,460,440,450
0;3;alpha;shared-alpha;10;LR;0.5953360768175583;0.5542395783675165;0.5953360768175583;0.5488216651404271;0.21138211382113822;0.3925619834710744;20;0.19273114204406738;370,360,350,330,400,420,320,460,230,500
1;1;alpha;shared-alpha;10;LR;0.7858126721763086;0.8776246848649858;0.7858126721763086;0.7440205779657407;1.0;0.6475409836065574;20;0.19706010818481445;350,330,370,360,320,340,420,460,450,400
2;5;alpha;shared-alpha;10;LR;0.6487232574189096;0.6149838587021315;0.6487232574189096;0.5976523373766462;0.5020576131687243;0.6859504132231405;20;0.1730823516845703;350,370,420,320,330,440,460,360,340,400
3;4;alpha;shared-alpha;10;LR;0.5871369294605809;0.5079775983920524;0.5871369294605809;0.49604482049707027;0.5020746887966805;0.5186721991701245;20;0.21596312522888184;350,370,360,340,330,320,440,460,310,450
4;2;alpha;shared-alpha;10;LR;0.6384905660377358;0.5465555706230195;0.6384905660377358;0.5773744959100808;0.5;0.0125;20;0.14017152786254883;360,320,370,350,330,400,420,460,440,450
0;3;alpha;shared-alpha;10;GB;0.7702331961591221;0.7903562198955326;0.7702331961591221;0.7378254956174627;0.5040650406504065;0.6735537190082644;20;26.236687421798706;370,360,350,330,400,420,320,460,230,500
1;1;alpha;shared-alpha;10;GB;0.7479338842975206;0.7005210708470797;0.7479338842975206;0.6854262398095041;1.0;0.5;20;25.91112732887268;350,330,370,360,320,340,420,460,450,400
2;5;alpha;shared-alpha;10;GB;0.7598343685300207;0.6930017636399901;0.7598343685300207;0.7026953059402038;0.757201646090535;0.9793388429752066;20;25.717363595962524;350,370,420,320,330,440,460,360,340,400
3;4;alpha;shared-alpha;10;GB;0.5449515905947441;0.6126891902935353;0.5449515905947441;0.4913561439664944;0.8630705394190872;0.5352697095435685;20;26.51547145843506;350,370,360,340,330,320,440,460,310,450
4;2;alpha;shared-alpha;10;GB;0.6264150943396226;0.5179934720184659;0.6264150943396226;0.5560652607839122;0.8099173553719008;0.5;20;26.77881932258606;360,320,370,350,330,400,420,460,440,450
0;3;alpha;shared-alpha;10;SVM;0.6296296296296297;0.6511585444499587;0.6296296296296297;0.5577966367701862;0.2032520325203252;0.5247933884297521;20;0.06985282897949219;370,360,350,330,400,420,320,460,230,500
1;1;alpha;shared-alpha;10;SVM;0.737603305785124;0.6168056848423749;0.737603305785124;0.6571200069797122;0.970954356846473;0.4672131147540984;20;0.06777167320251465;350,330,370,360,320,340,420,460,450,400
2;5;alpha;shared-alpha;10;SVM;0.650103519668737;0.630885295101004;0.650103519668737;0.5920897922054006;0.5020576131687243;0.5454545454545454;20;0.06517243385314941;350,370,420,320,330,440,460,360,340,400
3;4;alpha;shared-alpha;10;SVM;0.69432918395574;0.6367539630283171;0.69432918395574;0.6321373653099013;0.5020746887966805;1.0;20;0.05523085594177246;350,370,360,340,330,320,440,460,310,450
4;2;alpha;shared-alpha;10;SVM;0.8181132075471698;0.7273592734674704;0.8181132075471698;0.7576524549150423;0.5;0.5;20;0.051848411560058594;360,320,370,350,330,400,420,460,440,450
0;3;alpha;shared-alpha;20;RF;0.8319615912208504;0.8013852881996981;0.8319615912208504;0.8136153406083634;0.0040650406504065045;1.0;40;0.9516234397888184;370,360,350,330,400,420,320,460,230,500,340,450,380,510,390,430,520,310,470,440
1;1;alpha;shared-alpha;20;RF;0.9207988980716253;0.9592298125094443;0.9207988980716253;0.8981814945821142;1.0;0.5286885245901639;40;0.97524094581604;350,330,370,360,320,340,420,460,450,400,390,440,310,430,230,470,410,380,510,200
2;5;alpha;shared-alpha;20;RF;0.8053830227743272;0.8071953936709009;0.8053830227743272;0.7599569218482957;0.823045267489712;0.5578512396694215;40;1.0702145099639893;350,370,420,320,330,440,460,360,340,400,450,430,380,230,390,520,310,470,410,500
3;4;alpha;shared-alpha;20;RF;0.8271092669432918;0.7477157946684929;0.8271092669432918;0.7746108997769074;0.46887966804979253;0.995850622406639;40;1.0158376693725586;350,370,360,340,330,320,440,460,310,450,420,400,470,390,500,380,430,520,410,230
4;2;alpha;shared-alpha;20;RF;0.819622641509434;0.8188710691823899;0.819622641509434;0.760791345476827;0.5082644628099173;0.5;40;1.0189871788024902;360,320,370,350,330,400,420,460,440,450,340,520,310,390,470,500,380,230,510,430
0;3;alpha;shared-alpha;20;NB;0.6625514403292181;0.591145451451316;0.6625514403292181;0.5817265534816435;0.3902439024390244;0.5991735537190083;40;0.006003856658935547;370,360,350,330,400,420,320,460,230,500,340,450,380,510,390,430,520,310,470,440
1;1;alpha;shared-alpha;20;NB;0.6150137741046832;0.6452794770013405;0.6150137741046832;0.579309411961324;0.3153526970954357;0.5;40;0.008965730667114258;350,330,370,360,320,340,420,460,450,400,390,440,310,430,230,470,410,380,510,200
2;5;alpha;shared-alpha;20;NB;0.6570048309178744;0.6442541775298513;0.6570048309178744;0.59861972760989;0.6049382716049383;0.5537190082644629;40;0.009509563446044922;350,370,420,320,330,440,460,360,340,400,450,430,380,230,390,520,310,470,410,500
3;4;alpha;shared-alpha;20;NB;0.6514522821576764;0.6224897219382369;0.6514522821576764;0.6275292961225049;0.008298755186721992;0.9336099585062241;40;0.009760141372680664;350,370,360,340,330,320,440,460,310,450,420,400,470,390,500,380,430,520,410,230
4;2;alpha;shared-alpha;20;NB;0.8090566037735849;0.7249056603773585;0.8090566037735849;0.7521436947020573;0.47520661157024796;0.5;40;0.007715463638305664;360,320,370,350,330,400,420,460,440,450,340,520,310,390,470,500,380,230,510,430
0;3;alpha;shared-alpha;20;LR;0.7181069958847737;0.682271827242441;0.7181069958847737;0.6750106153765966;0.0;0.756198347107438;40;0.17734789848327637;370,360,350,330,400,420,320,460,230,500,340,450,380,510,390,430,520,310,470,440
1;1;alpha;shared-alpha;20;LR;0.8050964187327824;0.822015023789187;0.8050964187327824;0.7942093978742943;0.7095435684647303;0.5983606557377049;40;0.20193934440612793;350,330,370,360,320,340,420,460,450,400,390,440,310,430,230,470,410,380,510,200
2;5;alpha;shared-alpha;20;LR;0.6487232574189096;0.6679483549285818;0.6487232574189096;0.6160326082899252;0.5020576131687243;0.7396694214876033;40;0.11420607566833496;350,370,420,320,330,440,460,360,340,400,450,430,380,230,390,520,310,470,410,500
3;4;alpha;shared-alpha;20;LR;0.5691562932226832;0.602520160618525;0.5691562932226832;0.4990116131945525;0.11618257261410789;0.5892116182572614;40;0.1416609287261963;350,370,360,340,330,320,440,460,310,450,420,400,470,390,500,380,430,520,410,230
4;2;alpha;shared-alpha;20;LR;0.7675471698113208;0.6926491596359773;0.7675471698113208;0.7018891499170515;0.5;0.5;40;0.1874370574951172;360,320,370,350,330,400,420,460,440,450,340,520,310,390,470,500,380,230,510,430
0;3;alpha;shared-alpha;20;GB;0.8545953360768176;0.835922247821537;0.8545953360768176;0.8186855498580113;0.5040650406504065;0.6487603305785123;40;49.644840717315674;370,360,350,330,400,420,320,460,230,500,340,450,380,510,390,430,520,310,470,440
1;1;alpha;shared-alpha;20;GB;0.8119834710743802;0.8709964537358774;0.8119834710743802;0.7819865049573694;0.7883817427385892;0.6024590163934426;40;47.71562933921814;350,330,370,360,320,340,420,460,450,400,390,440,310,430,230,470,410,380,510,200
2;5;alpha;shared-alpha;20;GB;0.6570048309178744;0.6689082222227283;0.6570048309178744;0.589760217726446;0.8395061728395061;0.5206611570247934;40;48.96531677246094;350,370,420,320,330,440,460,360,340,400,450,430,380,230,390,520,310,470,410,500
3;4;alpha;shared-alpha;20;GB;0.43706777316735823;0.41764001981001275;0.43706777316735823;0.3721532976072288;0.4979253112033195;0.2697095435684647;40;48.885597229003906;350,370,360,340,330,320,440,460,310,450,420,400,470,390,500,380,430,520,410,230
4;2;alpha;shared-alpha;20;GB;0.7977358490566038;0.7995780432436714;0.7977358490566038;0.7393979908069608;0.8842975206611571;0.49583333333333335;40;50.776121616363525;360,320,370,350,330,400,420,460,440,450,340,520,310,390,470,500,380,230,510,430
0;3;alpha;shared-alpha;20;SVM;0.7304526748971193;0.7718756261736077;0.7304526748971193;0.7006706259313557;0.0040650406504065045;0.987603305785124;40;0.0688941478729248;370,360,350,330,400,420,320,460,230,500,340,450,380,510,390,430,520,310,470,440
1;1;alpha;shared-alpha;20;SVM;0.821625344352617;0.7675895117441303;0.821625344352617;0.7780448384919781;1.0;0.44672131147540983;40;0.06592559814453125;350,330,370,360,320,340,420,460,450,400,390,440,310,430,230,470,410,380,510,200
2;5;alpha;shared-alpha;20;SVM;0.6680469289164941;0.7616179567123095;0.6680469289164941;0.658863788928919;0.5637860082304527;0.6942148760330579;40;0.097503662109375;350,370,420,320,330,440,460,360,340,400,450,430,380,230,390,520,310,470,410,500
3;4;alpha;shared-alpha;20;SVM;0.7835408022130014;0.7089008912895396;0.7835408022130014;0.7349049990916003;0.5020746887966805;1.0;40;0.12119865417480469;350,370,360,340,330,320,440,460,310,450,420,400,470,390,500,380,430,520,410,230
4;2;alpha;shared-alpha;20;SVM;0.8181132075471698;0.7271698113207548;0.8181132075471698;0.7574842767295598;0.5;0.5;40;0.07984304428100586;360,320,370,350,330,400,420,460,440,450,340,520,310,390,470,500,380,230,510,430
0;3;alpha;shared-alpha;50;RF;0.906721536351166;0.8573881046271453;0.906721536351166;0.8773757127946443;0.45528455284552843;0.9917355371900827;100;4.778238296508789;370,360,350,330,400,420,320,460,230,500,340,450,380,510,390,430,520,310,470,440,410,200,480,490,250,530,290,540,550,570,560,100,590,580,260,300,140,110,120,130,170,160,150,180,210,190,220,240,280,270
1;1;alpha;shared-alpha;50;RF;0.8684573002754821;0.8551499524271129;0.8684573002754821;0.8451694242837177;1.0;0.44672131147540983;100;3.130241632461548;350,330,370,360,320,340,420,460,450,400,390,440,310,430,230,470,410,380,510,200,520,500,480,550,490,540,250,290,100,530,570,560,580,590,260,300,140,110,120,130,170,160,150,180,210,190,220,240,280,270
2;5;alpha;shared-alpha;50;RF;0.759144237405107;0.7044956756259757;0.759144237405107;0.6843710483106091;0.5020576131687243;0.5619834710743802;100;3.139591932296753;350,370,420,320,330,440,460,360,340,400,450,430,380,230,390,520,310,470,410,500,510,480,200,250,540,490,550,570,290,530,100,580,560,590,260,300,140,110,120,130,170,160,150,180,210,190,220,240,280,270
3;4;alpha;shared-alpha;50;RF;0.6839557399723375;0.6684877914037879;0.6839557399723375;0.6632736996244232;0.03319502074688797;0.991701244813278;100;5.415375232696533;350,370,360,340,330,320,440,460,310,450,420,400,470,390,500,380,430,520,410,230,480,550,490,200,510,250,540,570,530,100,560,290,580,590,260,300,140,110,120,130,170,160,150,180,210,190,220,240,280,270
4;2;alpha;shared-alpha;50;RF;0.8181132075471698;0.7271698113207548;0.8181132075471698;0.7574842767295598;0.5;0.5;100;3.19962739944458;360,320,370,350,330,400,420,460,440,450,340,520,310,390,470,500,380,230,510,430,410,200,490,250,480,550,540,560,570,290,530,580,100,590,260,300,140,110,120,130,170,160,150,180,210,190,220,240,280,270
0;3;alpha;shared-alpha;50;NB;0.6131687242798354;0.5973850190670796;0.6131687242798354;0.5253712336777532;0.6300813008130082;0.5537190082644629;100;0.011725187301635742;370,360,350,330,400,420,320,460,230,500,340,450,380,510,390,430,520,310,470,440,410,200,480,490,250,530,290,540,550,570,560,100,590,580,260,300,140,110,120,130,170,160,150,180,210,190,220,240,280,270
1;1;alpha;shared-alpha;50;NB;0.778236914600551;0.7766897275573248;0.778236914600551;0.75163354062446;0.6556016597510373;0.48770491803278687;100;0.01251363754272461;350,330,370,360,320,340,420,460,450,400,390,440,310,430,230,470,410,380,510,200,520,500,480,550,490,540,250,290,100,530,570,560,580,590,260,300,140,110,120,130,170,160,150,180,210,190,220,240,280,270
2;5;alpha;shared-alpha;50;NB;0.567287784679089;0.5785818681055717;0.567287784679089;0.5041657183084157;0.5020576131687243;0.6322314049586777;100;0.012151241302490234;350,370,420,320,330,440,460,360,340,400,450,430,380,230,390,520,310,470,410,500,510,480,200,250,540,490,550,570,290,530,100,580,560,590,260,300,140,110,120,130,170,160,150,180,210,190,220,240,280,270
3;4;alpha;shared-alpha;50;NB;0.6984785615491009;0.6516821169016636;0.6984785615491009;0.6588095427160108;0.26556016597510373;0.9543568464730291;100;0.011231660842895508;350,370,360,340,330,320,440,460,310,450,420,400,470,390,500,380,430,520,410,230,480,550,490,200,510,250,540,570,530,100,560,290,580,590,260,300,140,110,120,130,170,160,150,180,210,190,220,240,280,270
4;2;alpha;shared-alpha;50;NB;0.7645283018867924;0.8033090294993495;0.7645283018867924;0.7292185107810895;0.5619834710743802;0.43333333333333335;100;0.011669158935546875;360,320,370,350,330,400,420,460,440,450,340,520,310,390,470,500,380,230,510,430,410,200,490,250,480,550,540,560,570,290,530,580,100,590,260,300,140,110,120,130,170,160,150,180,210,190,220,240,280,270
0;3;alpha;shared-alpha;50;LR;0.7256515775034293;0.7516816834989186;0.7256515775034293;0.6634495885192603;0.2804878048780488;1.0;100;0.2840909957885742;370,360,350,330,400,420,320,460,230,500,340,450,380,510,390,430,520,310,470,440,410,200,480,490,250,530,290,540,550,570,560,100,590,580,260,300,140,110,120,130,170,160,150,180,210,190,220,240,280,270
1;1;alpha;shared-alpha;50;LR;0.6921487603305785;0.7091682488723996;0.6921487603305785;0.6356962839051289;0.5311203319502075;0.8647540983606558;100;4.657749891281128;350,330,370,360,320,340,420,460,450,400,390,440,310,430,230,470,410,380,510,200,520,500,480,550,490,540,250,290,100,530,570,560,580,590,260,300,140,110,120,130,170,160,150,180,210,190,220,240,280,270
2;5;alpha;shared-alpha;50;LR;0.6887508626639062;0.667589539986097;0.6887508626639062;0.609958933191389;0.5020576131687243;0.39669421487603307;100;4.623971223831177;350,370,420,320,330,440,460,360,340,400,450,430,380,230,390,520,310,470,410,500,510,480,200,250,540,490,550,570,290,530,100,580,560,590,260,300,140,110,120,130,170,160,150,180,210,190,220,240,280,270
3;4;alpha;shared-alpha;50;LR;0.6549100968188105;0.5534936678023262;0.6549100968188105;0.5639620812588808;0.4896265560165975;0.43568464730290457;100;1.5078637599945068;350,370,360,340,330,320,440,460,310,450,420,400,470,390,500,380,430,520,410,230,480,550,490,200,510,250,540,570,530,100,560,290,580,590,260,300,140,110,120,130,170,160,150,180,210,190,220,240,280,270
4;2;alpha;shared-alpha;50;LR;0.6860377358490566;0.5838770403889888;0.6860377358490566;0.6113718420573456;0.5;0.4;100;4.593716621398926;360,320,370,350,330,400,420,460,440,450,340,520,310,390,470,500,380,230,510,430,410,200,490,250,480,550,540,560,570,290,530,580,100,590,260,300,140,110,120,130,170,160,150,180,210,190,220,240,280,270
0;3;alpha;shared-alpha;50;GB;0.8340192043895748;0.8306438524271819;0.8340192043895748;0.8058552532007424;0.5040650406504065;0.7479338842975206;100;111.60169982910156;370,360,350,330,400,420,320,460,230,500,340,450,380,510,390,430,520,310,470,440,410,200,480,490,250,530,290,540,550,570,560,100,590,580,260,300,140,110,120,130,170,160,150,180,210,190,220,240,280,270
1;1;alpha;shared-alpha;50;GB;0.8016528925619835;0.8607961447721687;0.8016528925619835;0.7753549839340461;0.970954356846473;0.5450819672131147;100;109.18455386161804;350,330,370,360,320,340,420,460,450,400,390,440,310,430,230,470,410,380,510,200,520,500,480,550,490,540,250,290,100,530,570,560,580,590,260,300,140,110,120,130,170,160,150,180,210,190,220,240,280,270
2;5;alpha;shared-alpha;50;GB;0.6701173222912353;0.7345736075347373;0.6701173222912353;0.6226275350528816;0.8847736625514403;0.5165289256198347;100;112.85807728767395;350,370,420,320,330,440,460,360,340,400,450,430,380,230,390,520,310,470,410,500,510,480,200,250,540,490,550,570,290,530,100,580,560,590,260,300,140,110,120,130,170,160,150,180,210,190,220,240,280,270
3;4;alpha;shared-alpha;50;GB;0.6521438450899032;0.6274972351218443;0.6521438450899032;0.6063421008800308;0.8879668049792531;0.38589211618257263;100;109.41621327400208;350,370,360,340,330,320,440,460,310,450,420,400,470,390,500,380,430,520,410,230,480,550,490,200,510,250,540,570,530,100,560,290,580,590,260,300,140,110,120,130,170,160,150,180,210,190,220,240,280,270
4;2;alpha;shared-alpha;50;GB;0.5932075471698113;0.5404484310489563;0.5932075471698113;0.5248669550253995;0.43388429752066116;0.4625;100;112.43489599227905;360,320,370,350,330,400,420,460,440,450,340,520,310,390,470,500,380,230,510,430,410,200,490,250,480,550,540,560,570,290,530,580,100,590,260,300,140,110,120,130,170,160,150,180,210,190,220,240,280,270
0;3;alpha;shared-alpha;50;SVM;0.766803840877915;0.812692230627902;0.766803840877915;0.7519131251775741;0.2886178861788618;0.9958677685950413;100;0.19282197952270508;370,360,350,330,400,420,320,460,230,500,340,450,380,510,390,430,520,310,470,440,410,200,480,490,250,530,290,540,550,570,560,100,590,580,260,300,140,110,120,130,170,160,150,180,210,190,220,240,280,270
1;1;alpha;shared-alpha;50;SVM;0.709366391184573;0.7116561814186233;0.709366391184573;0.6673211192955593;0.995850622406639;0.22950819672131148;100;0.15804600715637207;350,330,370,360,320,340,420,460,450,400,390,440,310,430,230,470,410,380,510,200,520,500,480,550,490,540,250,290,100,530,570,560,580,590,260,300,140,110,120,130,170,160,150,180,210,190,220,240,280,270
2;5;alpha;shared-alpha;50;SVM;0.7467218771566597;0.6989707346622012;0.7467218771566597;0.6808516262057102;0.5020576131687243;0.5950413223140496;100;0.2881484031677246;350,370,420,320,330,440,460,360,340,400,450,430,380,230,390,520,310,470,410,500,510,480,200,250,540,490,550,570,290,530,100,580,560,590,260,300,140,110,120,130,170,160,150,180,210,190,220,240,280,270
3;4;alpha;shared-alpha;50;SVM;0.673582295988935;0.6067375231160702;0.673582295988935;0.6237132600618267;0.0995850622406639;0.9377593360995851;100;0.2104334831237793;350,370,360,340,330,320,440,460,310,450,420,400,470,390,500,380,430,520,410,230,480,550,490,200,510,250,540,570,530,100,560,290,580,590,260,300,140,110,120,130,170,160,150,180,210,190,220,240,280,270
4;2;alpha;shared-alpha;50;SVM;0.8113207547169812;0.7208512505484862;0.8113207547169812;0.7506833943596883;0.5;0.5;100;0.22747564315795898;360,320,370,350,330,400,420,460,440,450,340,520,310,390,470,500,380,230,510,430,410,200,490,250,480,550,540,560,570,290,530,580,100,590,260,300,140,110,120,130,170,160,150,180,210,190,220,240,280,270
0;3;baseline;shared-alpha;1;RF;0.26886145404663925;0.35888589917897173;0.26886145404663925;0.26887551722109715;0.07317073170731707;0.14049586776859505;2;0.8514349460601807;370
1;1;baseline;shared-alpha;1;RF;0.4462809917355372;0.42708441750623355;0.4462809917355372;0.4035751254639762;0.0995850622406639;0.46311475409836067;2;0.8960719108581543;350
2;5;baseline;shared-alpha;1;RF;0.37060041407867494;0.34808826747825633;0.37060041407867494;0.32655472322875345;0.5185185185185185;0.14049586776859505;2;0.8154764175415039;350
3;4;baseline;shared-alpha;1;RF;0.3686030428769018;0.3900980467570957;0.3686030428769018;0.3558042060528919;0.3112033195020747;0.4730290456431535;2;0.8028647899627686;350
4;2;baseline;shared-alpha;1;RF;0.489811320754717;0.49071666926109714;0.489811320754717;0.46156409366693485;0.4793388429752066;0.4083333333333333;2;0.7864105701446533;360
0;3;baseline;shared-alpha;1;NB;0.4382716049382716;0.41232281664380427;0.4382716049382716;0.35952212959284735;0.32113821138211385;0.3140495867768595;2;0.007004261016845703;370
1;1;baseline;shared-alpha;1;NB;0.4359504132231405;0.3281553827346484;0.4359504132231405;0.3452366659813669;0.0;0.5163934426229508;2;0.007198810577392578;350
2;5;baseline;shared-alpha;1;NB;0.3195307108350587;0.30269985775051983;0.3195307108350587;0.30087094079444265;0.49382716049382713;0.09090909090909091;2;0.005001068115234375;350
3;4;baseline;shared-alpha;1;NB;0.475103734439834;0.38428525193381197;0.475103734439834;0.3699456044416008;0.46473029045643155;0.8174273858921162;2;0.0050029754638671875;350
4;2;baseline;shared-alpha;1;NB;0.3154716981132075;0.4070084735006867;0.3154716981132075;0.24426703770700814;0.024793388429752067;0.4791666666666667;2;0.006006002426147461;360
0;3;baseline;shared-alpha;1;LR;0.41838134430727025;0.40831371766366503;0.41838134430727025;0.3545954395916763;0.008130081300813009;0.5;2;0.08085203170776367;370
1;1;baseline;shared-alpha;1;LR;0.3939393939393939;0.34732466335131157;0.3939393939393939;0.32205499846252356;0.13692946058091288;0.5204918032786885;2;0.05615043640136719;350
2;5;baseline;shared-alpha;1;LR;0.4451345755693582;0.43034901601624587;0.4451345755693582;0.4242367594446295;0.6831275720164609;0.05785123966942149;2;0.10053753852844238;350
3;4;baseline;shared-alpha;1;LR;0.49446749654218536;0.4882644456923776;0.49446749654218536;0.4343214707598207;0.43568464730290457;0.6307053941908713;2;0.06366586685180664;350
4;2;baseline;shared-alpha;1;LR;0.42566037735849055;0.49813749919735767;0.42566037735849055;0.33683892962791784;0.05785123966942149;0.5;2;0.07173490524291992;360
0;3;baseline;shared-alpha;1;GB;0.2448559670781893;0.3620510891070222;0.2448559670781893;0.24803384896067354;0.06504065040650407;0.12396694214876033;2;4.378703355789185;370
1;1;baseline;shared-alpha;1;GB;0.43870523415977963;0.40985931425077715;0.43870523415977963;0.3904903964453304;0.07053941908713693;0.48360655737704916;2;4.782225608825684;350
2;5;baseline;shared-alpha;1;GB;0.35196687370600416;0.3265191437565342;0.35196687370600416;0.30932480282474983;0.5473251028806584;0.10743801652892562;2;4.239925861358643;350
3;4;baseline;shared-alpha;1;GB;0.3706777316735823;0.3833711400157044;0.3706777316735823;0.35853365622682054;0.38589211618257263;0.43983402489626555;2;4.409940719604492;350
4;2;baseline;shared-alpha;1;GB;0.5116981132075472;0.505988646705534;0.5116981132075472;0.48184921788946905;0.5289256198347108;0.4375;2;3.9581799507141113;360
0;3;baseline;shared-alpha;1;SVM;0.44170096021947874;0.3195940361896584;0.44170096021947874;0.3533764627603627;0.02032520325203252;0.45867768595041325;2;0.26799559593200684;370
1;1;baseline;shared-alpha;1;SVM;0.4965564738292011;0.40257677956670657;0.4965564738292011;0.415685637185395;0.3651452282157676;0.5040983606557377;2;0.33842992782592773;350
2;5;baseline;shared-alpha;1;SVM;0.3857832988267771;0.3236281203802092;0.3857832988267771;0.3234051343530575;0.4897119341563786;0.1115702479338843;2;0.18718528747558594;350
3;4;baseline;shared-alpha;1;SVM;0.491701244813278;0.46811250638647967;0.491701244813278;0.4071910436959464;0.4730290456431535;0.7925311203319502;2;0.19213223457336426;350
4;2;baseline;shared-alpha;1;SVM;0.40452830188679245;0.4322824780787794;0.40452830188679245;0.3323538418066342;0.2024793388429752;0.45416666666666666;2;0.17054057121276855;360
0;3;baseline;shared-alpha;3;RF;0.7613168724279835;0.7105600110103648;0.7613168724279835;0.7015006974375132;0.5040650406504065;0.5;6;0.8561675548553467;370,360,350
1;1;baseline;shared-alpha;3;RF;0.7300275482093664;0.8105002812938678;0.7300275482093664;0.6811222177708709;1.0;0.36475409836065575;6;0.8135056495666504;350,330,370
2;5;baseline;shared-alpha;3;RF;0.5631469979296067;0.7489955449654878;0.5631469979296067;0.491246176960211;0.7489711934156379;0.5743801652892562;6;0.8432776927947998;350,370,420
3;4;baseline;shared-alpha;3;RF;0.6286307053941909;0.5758129519245934;0.6286307053941909;0.5864934632735255;0.5020746887966805;0.7634854771784232;6;0.8011081218719482;350,370,360
4;2;baseline;shared-alpha;3;RF;0.7856603773584906;0.8632538418928266;0.7856603773584906;0.7379612367982937;0.48760330578512395;0.5;6;0.8497469425201416;360,320,370
0;3;baseline;shared-alpha;3;NB;0.6344307270233196;0.6881060680279726;0.6344307270233196;0.6027212736385924;0.024390243902439025;0.004132231404958678;6;0.008511543273925781;370,360,350
1;1;baseline;shared-alpha;3;NB;0.6294765840220385;0.5277487656474525;0.6294765840220385;0.5673299777901187;0.37344398340248963;0.45901639344262296;6;0.006623268127441406;350,330,370
2;5;baseline;shared-alpha;3;NB;0.4748102139406487;0.4590372141971343;0.4748102139406487;0.41100555119808585;0.5432098765432098;0.5495867768595041;6;0.006524085998535156;350,370,420
3;4;baseline;shared-alpha;3;NB;0.7309820193637621;0.6917174357558962;0.7309820193637621;0.6976605078430904;0.7053941908713693;0.8049792531120332;6;0.0077664852142333984;350,370,360
4;2;baseline;shared-alpha;3;NB;0.5584905660377358;0.5224022183853625;0.5584905660377358;0.5030032957671057;0.17355371900826447;0.525;6;0.00717926025390625;360,320,370
0;3;baseline;shared-alpha;3;LR;0.8319615912208504;0.8272608221139973;0.8319615912208504;0.7845569106977538;0.5040650406504065;0.5454545454545454;6;0.14304852485656738;370,360,350
1;1;baseline;shared-alpha;3;LR;0.5006887052341598;0.5634753456167699;0.5006887052341598;0.46170818942869424;0.1078838174273859;0.20901639344262296;6;0.10287809371948242;350,330,370
2;5;baseline;shared-alpha;3;LR;0.5037957211870255;0.5508117013599001;0.5037957211870255;0.4027500088090075;0.5020576131687243;0.5082644628099173;6;0.1476738452911377;350,370,420
3;4;baseline;shared-alpha;3;LR;0.6417704011065007;0.6236013727616955;0.6417704011065007;0.6203946879172614;0.16597510373443983;0.6887966804979253;6;0.1213521957397461;350,370,360
4;2;baseline;shared-alpha;3;LR;0.6203773584905661;0.608911285637844;0.6203773584905661;0.6017656732187437;0.16942148760330578;0.3458333333333333;6;0.1260383129119873;360,320,370
0;3;baseline;shared-alpha;3;GB;0.7229080932784636;0.7418241582428348;0.7229080932784636;0.6790016157474689;0.5040650406504065;0.5247933884297521;6;12.070568084716797;370,360,350
1;1;baseline;shared-alpha;3;GB;0.5971074380165289;0.5865210323802105;0.5971074380165289;0.5760217458091074;1.0;0.25;6;12.130080938339233;350,330,370
2;5;baseline;shared-alpha;3;GB;0.583160800552105;0.6609064490138659;0.583160800552105;0.5063185067926459;0.8600823045267489;0.5950413223140496;6;11.910176992416382;350,370,420
3;4;baseline;shared-alpha;3;GB;0.6147994467496543;0.569121916136893;0.6147994467496543;0.5765683483575282;0.5020746887966805;0.7302904564315352;6;11.999310970306396;350,370,360
4;2;baseline;shared-alpha;3;GB;0.7449056603773585;0.674754931796212;0.7449056603773585;0.697451719441454;0.756198347107438;0.49166666666666664;6;11.515911340713501;360,320,370
0;3;baseline;shared-alpha;3;SVM;0.8415637860082305;0.8199836024329498;0.8415637860082305;0.8102785225094198;0.5;0.9917355371900827;6;0.13948631286621094;370,360,350
1;1;baseline;shared-alpha;3;SVM;0.6887052341597796;0.6919805823129731;0.6887052341597796;0.6765343047829028;0.979253112033195;0.29508196721311475;6;0.18700909614562988;350,330,370
2;5;baseline;shared-alpha;3;SVM;0.533471359558316;0.6003924523892319;0.533471359558316;0.46528848611960794;0.6008230452674898;0.5702479338842975;6;0.1520230770111084;350,370,420
3;4;baseline;shared-alpha;3;SVM;0.6742738589211619;0.6664163086507489;0.6742738589211619;0.6499315078061093;0.4854771784232365;0.7842323651452282;6;0.1246497631072998;350,370,360
4;2;baseline;shared-alpha;3;SVM;0.549433962264151;0.6108304215275326;0.549433962264151;0.5185985705270549;0.40082644628099173;0.10833333333333334;6;0.1518418788909912;360,320,370
0;3;baseline;shared-alpha;5;RF;0.823045267489712;0.7496653856182475;0.823045267489712;0.7721500593266932;0.5040650406504065;0.5;10;0.8379244804382324;370,360,350,330,400
1;1;baseline;shared-alpha;5;RF;0.7644628099173554;0.6829234298413237;0.7644628099173554;0.7120147827705515;1.0;0.19262295081967212;10;0.8180215358734131;350,330,370,360,320
2;5;baseline;shared-alpha;5;RF;0.5169082125603864;0.5635139149656595;0.5169082125603864;0.44473410512137534;0.5061728395061729;0.5619834710743802;10;0.8506143093109131;350,370,420,320,330
3;4;baseline;shared-alpha;5;RF;0.6590594744121715;0.6702081293208414;0.6590594744121715;0.6618051453245;0.03734439834024896;0.8174273858921162;10;0.8280496597290039;350,370,360,340,330
4;2;baseline;shared-alpha;5;RF;0.7735849056603774;0.7103250773993808;0.7735849056603774;0.7193693363767752;0.9380165289256198;0.5;10;0.8706150054931641;360,320,370,350,330
0;3;baseline;shared-alpha;5;NB;0.6556927297668038;0.6984843017571636;0.6556927297668038;0.6312547884102754;0.15040650406504066;0.1322314049586777;10;0.007006645202636719;370,360,350,330,400
1;1;baseline;shared-alpha;5;NB;0.6136363636363636;0.5018861741323568;0.6136363636363636;0.5412703108601361;0.3941908713692946;0.48770491803278687;10;0.0055294036865234375;350,330,370,360,320
2;5;baseline;shared-alpha;5;NB;0.5652173913043478;0.604109261746193;0.5652173913043478;0.5365796486065797;0.9958847736625515;0.5454545454545454;10;0.0054781436920166016;350,370,420,320,330
3;4;baseline;shared-alpha;5;NB;0.6984785615491009;0.6150649744237443;0.6984785615491009;0.6458837590942914;0.8215767634854771;0.8672199170124482;10;0.006390094757080078;350,370,360,340,330
4;2;baseline;shared-alpha;5;NB;0.6958490566037736;0.78490471661454;0.6958490566037736;0.6399589819738537;0.40082644628099173;0.5541666666666667;10;0.008124589920043945;360,320,370,350,330
0;3;baseline;shared-alpha;5;LR;0.8326474622770919;0.8290593217951016;0.8326474622770919;0.7909431113702123;0.5;0.9338842975206612;10;0.20993590354919434;370,360,350,330,400
1;1;baseline;shared-alpha;5;LR;0.6611570247933884;0.6700225435836809;0.6611570247933884;0.6192335471719626;0.5269709543568465;0.47950819672131145;10;0.16473889350891113;350,330,370,360,320
2;5;baseline;shared-alpha;5;LR;0.5141476880607315;0.5909053517688391;0.5141476880607315;0.4126224190520229;0.49794238683127573;0.512396694214876;10;0.14687275886535645;350,370,420,320,330
3;4;baseline;shared-alpha;5;LR;0.5145228215767634;0.5318433024034264;0.5145228215767634;0.47668802738084676;0.11203319502074689;0.8298755186721992;10;0.17148184776306152;350,370,360,340,330
4;2;baseline;shared-alpha;5;LR;0.6762264150943397;0.6339773742696563;0.6762264150943397;0.6151260558925908;0.39669421487603307;0.6;10;0.17031383514404297;360,320,370,350,330
0;3;baseline;shared-alpha;5;GB;0.742798353909465;0.733710242613855;0.742798353909465;0.6957495280795423;0.5040650406504065;0.49586776859504134;10;18.294949769973755;370,360,350,330,400
1;1;baseline;shared-alpha;5;GB;0.6928374655647382;0.6575401297508736;0.6928374655647382;0.6406981792284923;1.0;0.1762295081967213;10;18.546305894851685;350,330,370,360,320
2;5;baseline;shared-alpha;5;GB;0.6066252587991718;0.7161784586840901;0.6066252587991718;0.5186800775874846;0.5102880658436214;0.5578512396694215;10;18.709402322769165;350,370,420,320,330
3;4;baseline;shared-alpha;5;GB;0.7005532503457814;0.6533062145160942;0.7005532503457814;0.661727311744258;0.45643153526970953;0.8796680497925311;10;18.950365781784058;350,370,360,340,330
4;2;baseline;shared-alpha;5;GB;0.7018867924528301;0.7583877023317174;0.7018867924528301;0.6501316747134831;0.49586776859504134;0.5041666666666667;10;19.0379638671875;360,320,370,350,330
0;3;baseline;shared-alpha;5;SVM;0.8765432098765432;0.8430564410649137;0.8765432098765432;0.8482550240279984;0.5;0.8388429752066116;10;0.15331625938415527;370,360,350,330,400
1;1;baseline;shared-alpha;5;SVM;0.7231404958677686;0.6867558871768487;0.7231404958677686;0.6962031079644092;0.8423236514522822;0.4426229508196721;10;0.14827442169189453;350,330,370,360,320
2;5;baseline;shared-alpha;5;SVM;0.6107660455486542;0.5903640213334915;0.6107660455486542;0.5236258685688145;0.5020576131687243;0.5619834710743802;10;0.16065406799316406;350,370,420,320,330
3;4;baseline;shared-alpha;5;SVM;0.7406639004149378;0.7053011578915931;0.7406639004149378;0.7164958424350469;0.4605809128630705;0.7468879668049793;10;0.17519259452819824;350,370,360,340,330
4;2;baseline;shared-alpha;5;SVM;0.6777358490566038;0.7801562621705633;0.6777358490566038;0.6335925299244318;0.5206611570247934;0.5875;10;0.20900630950927734;360,320,370,350,330
0;3;baseline;shared-alpha;10;RF;0.7709190672153635;0.7455318054939478;0.7709190672153635;0.749302268755482;0.0;0.8388429752066116;20;0.8551971912384033;370,360,350,330,400,420,320,460,230,500
1;1;baseline;shared-alpha;10;RF;0.8009641873278237;0.8083975287864239;0.8009641873278237;0.7875752805014568;1.0;0.18032786885245902;20;0.8908214569091797;350,330,370,360,320,340,420,460,450,400
2;5;baseline;shared-alpha;10;RF;0.6473429951690821;0.6943511504578979;0.6473429951690821;0.5958507097607522;0.5185185185185185;0.6115702479338843;20;0.8804440498352051;350,370,420,320,330,440,460,360,340,400
3;4;baseline;shared-alpha;10;RF;0.7323651452282157;0.7045887382664411;0.7323651452282157;0.6858235974314842;0.3817427385892116;1.0;20;0.937401533126831;350,370,360,340,330,320,440,460,310,450
4;2;baseline;shared-alpha;10;RF;0.7818867924528302;0.8105485251816098;0.7818867924528302;0.746003624497697;0.5702479338842975;0.5;20;0.8652410507202148;360,320,370,350,330,400,420,460,440,450
0;3;baseline;shared-alpha;10;NB;0.5219478737997256;0.7134631161751649;0.5219478737997256;0.44455085437501674;0.008130081300813009;0.008264462809917356;20;0.007844686508178711;370,360,350,330,400,420,320,460,230,500
1;1;baseline;shared-alpha;10;NB;0.5599173553719008;0.5057337490939517;0.5599173553719008;0.48974440127354396;0.3941908713692946;0.5;20;0.007714986801147461;350,330,370,360,320,340,420,460,450,400
2;5;baseline;shared-alpha;10;NB;0.673567977915804;0.6871023747385566;0.673567977915804;0.6651038163262326;0.8724279835390947;0.8429752066115702;20;0.0065021514892578125;350,370,420,320,330,440,460,360,340,400
3;4;baseline;shared-alpha;10;NB;0.7102351313969572;0.6663369656826333;0.7102351313969572;0.6567340658021633;0.6265560165975104;0.6307053941908713;20;0.004998445510864258;350,370,360,340,330,320,440,460,310,450
4;2;baseline;shared-alpha;10;NB;0.820377358490566;0.8183090518270838;0.820377358490566;0.7624095049892944;0.5;0.5125;20;0.007684469223022461;360,320,370,350,330,400,420,460,440,450
0;3;baseline;shared-alpha;10;LR;0.696159122085048;0.6820245531981067;0.696159122085048;0.6697082997444923;0.0;0.7355371900826446;20;0.1027841567993164;370,360,350,330,400,420,320,460,230,500
1;1;baseline;shared-alpha;10;LR;0.8271349862258953;0.7831091950328294;0.8271349862258953;0.7983194565017119;0.970954356846473;0.5368852459016393;20;0.14871668815612793;350,330,370,360,320,340,420,460,450,400
2;5;baseline;shared-alpha;10;LR;0.7039337474120083;0.7023475878652168;0.7039337474120083;0.6325742968261747;0.5020576131687243;0.7148760330578512;20;0.13388299942016602;350,370,420,320,330,440,460,360,340,400
3;4;baseline;shared-alpha;10;LR;0.6341632088520055;0.6090643269348569;0.6341632088520055;0.6193455660896484;0.11203319502074689;0.6763485477178424;20;0.1571798324584961;350,370,360,340,330,320,440,460,310,450
4;2;baseline;shared-alpha;10;LR;0.6490566037735849;0.5561437818482302;0.6490566037735849;0.5873274111054009;0.5;0.07083333333333333;20;0.13222074508666992;360,320,370,350,330,400,420,460,440,450
0;3;baseline;shared-alpha;10;GB;0.8257887517146777;0.7268390104333919;0.8257887517146777;0.7647176962451566;0.483739837398374;0.5;20;34.34355854988098;370,360,350,330,400,420,320,460,230,500
1;1;baseline;shared-alpha;10;GB;0.8409090909090909;0.87728798146909;0.8409090909090909;0.8176905545960573;1.0;0.47540983606557374;20;34.66922330856323;350,330,370,360,320,340,420,460,450,400
2;5;baseline;shared-alpha;10;GB;0.6452726017943409;0.7100830100897654;0.6452726017943409;0.5981093842058566;0.51440329218107;0.6322314049586777;20;34.623006105422974;350,370,420,320,330,440,460,360,340,400
3;4;baseline;shared-alpha;10;GB;0.6708160442600276;0.652713745535649;0.6708160442600276;0.6137297626286531;0.46473029045643155;0.991701244813278;20;34.77010369300842;350,370,360,340,330,320,440,460,310,450
4;2;baseline;shared-alpha;10;GB;0.7532075471698113;0.7116321091223994;0.7532075471698113;0.7146202756190732;0.6983471074380165;0.5;20;35.274550676345825;360,320,370,350,330,400,420,460,440,450
0;3;baseline;shared-alpha;10;SVM;0.7146776406035665;0.7770511809008069;0.7146776406035665;0.6908152647648153;0.0;0.7933884297520661;20;0.210158109664917;370,360,350,330,400,420,320,460,230,500
1;1;baseline;shared-alpha;10;SVM;0.8877410468319559;0.8885743228507496;0.8877410468319559;0.8738026307372958;0.950207468879668;0.5573770491803278;20;0.19245028495788574;350,330,370,360,320,340,420,460,450,400
2;5;baseline;shared-alpha;10;SVM;0.7763975155279503;0.7039381672083626;0.7763975155279503;0.7177519086762821;0.5020576131687243;0.7768595041322314;20;0.19229865074157715;350,370,420,320,330,440,460,360,340,400
3;4;baseline;shared-alpha;10;SVM;0.6085753803596127;0.5874835992748882;0.6085753803596127;0.5899107019407185;0.004149377593360996;0.6224066390041494;20;0.17043519020080566;350,370,360,340,330,320,440,460,310,450
4;2;baseline;shared-alpha;10;SVM;0.6973584905660377;0.6291834228667499;0.6973584905660377;0.6523361793741699;0.5;0.3375;20;0.2603728771209717;360,320,370,350,330,400,420,460,440,450
0;3;baseline;shared-alpha;20;RF;0.7921810699588477;0.8271947895847785;0.7921810699588477;0.7694763553700302;0.0975609756097561;0.9793388429752066;40;1.2357137203216553;370,360,350,330,400,420,320,460,230,500,340,450,380,510,390,430,520,310,470,440
1;1;baseline;shared-alpha;20;RF;0.8050964187327824;0.8538878242284699;0.8050964187327824;0.7707804026984304;0.995850622406639;0.5204918032786885;40;1.0952033996582031;350,330,370,360,320,340,420,460,450,400,390,440,310,430,230,470,410,380,510,200
2;5;baseline;shared-alpha;20;RF;0.6521739130434783;0.7632054467366552;0.6521739130434783;0.6020907857320819;0.6460905349794238;0.5454545454545454;40;1.6945934295654297;350,370,420,320,330,440,460,360,340,400,450,430,380,230,390,520,310,470,410,500
3;4;baseline;shared-alpha;20;RF;0.7994467496542186;0.7513794214306388;0.7994467496542186;0.7651815943352608;0.5020746887966805;0.995850622406639;40;1375.2998671531677;350,370,360,340,330,320,440,460,310,450,420,400,470,390,500,380,430,520,410,230
4;2;baseline;shared-alpha;20;RF;0.8188679245283019;0.7912337255740132;0.8188679245283019;0.7682509418283384;0.5289256198347108;0.5;40;1.7677276134490967;360,320,370,350,330,400,420,460,440,450,340,520,310,390,470,500,380,230,510,430
0;3;baseline;shared-alpha;20;NB;0.5864197530864198;0.6050859669802336;0.5864197530864198;0.5333232876781385;0.008130081300813009;0.01652892561983471;40;0.008753299713134766;370,360,350,330,400,420,320,460,230,500,340,450,380,510,390,430,520,310,470,440
1;1;baseline;shared-alpha;20;NB;0.6053719008264463;0.610286234753158;0.6053719008264463;0.5803206394456674;0.36929460580912865;0.3975409836065574;40;0.010151147842407227;350,330,370,360,320,340,420,460,450,400,390,440,310,430,230,470,410,380,510,200
2;5;baseline;shared-alpha;20;NB;0.5424430641821946;0.5641109531608727;0.5424430641821946;0.48582001615099824;0.5308641975308642;0.7272727272727273;40;0.00820302963256836;350,370,420,320,330,440,460,360,340,400,450,430,380,230,390,520,310,470,410,500
3;4;baseline;shared-alpha;20;NB;0.6113416320885201;0.616551357438346;0.6113416320885201;0.5870145735208245;0.008298755186721992;0.6556016597510373;40;0.00651097297668457;350,370,360,340,330,320,440,460,310,450,420,400,470,390,500,380,430,520,410,230
4;2;baseline;shared-alpha;20;NB;0.8181132075471698;0.7271698113207548;0.8181132075471698;0.7574842767295598;0.5;0.5;40;0.009515762329101562;360,320,370,350,330,400,420,460,440,450,340,520,310,390,470,500,380,230,510,430
0;3;baseline;shared-alpha;20;LR;0.720164609053498;0.6495901221462999;0.720164609053498;0.6672074487696645;0.0;0.8347107438016529;40;0.1337449550628662;370,360,350,330,400,420,320,460,230,500,340,450,380,510,390,430,520,310,470,440
1;1;baseline;shared-alpha;20;LR;0.7555096418732782;0.7087732511933221;0.7555096418732782;0.7257421287443266;0.16182572614107885;0.9385245901639344;40;0.1345212459564209;350,330,370,360,320,340,420,460,450,400,390,440,310,430,230,470,410,380,510,200
2;5;baseline;shared-alpha;20;LR;0.7087646652864045;0.6656975116946261;0.7087646652864045;0.6446293165072218;0.5432098765432098;0.8512396694214877;40;0.25058531761169434;350,370,420,320,330,440,460,360,340,400,450,430,380,230,390,520,310,470,410,500
3;4;baseline;shared-alpha;20;LR;0.6113416320885201;0.5673663187533298;0.6113416320885201;0.5829875197099776;0.0;0.6639004149377593;40;0.10057497024536133;350,370,360,340,330,320,440,460,310,450,420,400,470,390,500,380,430,520,410,230
4;2;baseline;shared-alpha;20;LR;0.6113207547169811;0.5640432260234046;0.6113207547169811;0.5286580855660914;0.5;0.5;40;0.20544981956481934;360,320,370,350,330,400,420,460,440,450,340,520,310,390,470,500,380,230,510,430
0;3;baseline;shared-alpha;20;GB;0.6652949245541838;0.5678120155687154;0.6652949245541838;0.5954653803773415;0.0;0.5;40;1453.4702990055084;370,360,350,330,400,420,320,460,230,500,340,450,380,510,390,430,520,310,470,440
1;1;baseline;shared-alpha;20;GB;0.6425619834710744;0.6877678726695575;0.6425619834710744;0.5925205793366394;0.941908713692946;0.36885245901639346;40;1456.0238182544708;350,330,370,360,320,340,420,460,450,400,390,440,310,430,230,470,410,380,510,200
2;5;baseline;shared-alpha;20;GB;0.5500345065562456;0.4928616419604948;0.5500345065562456;0.4567118673978131;0.5020576131687243;0.5413223140495868;40;79.04456830024719;350,370,420,320,330,440,460,360,340,400,450,430,380,230,390,520,310,470,410,500
3;4;baseline;shared-alpha;20;GB;0.6369294605809128;0.623721716549283;0.6369294605809128;0.605130304110887;0.4149377593360996;0.6224066390041494;40;80.3490538597107;350,370,360,340,330,320,440,460,310,450,420,400,470,390,500,380,430,520,410,230
4;2;baseline;shared-alpha;20;GB;0.6875471698113208;0.7470804627634126;0.6875471698113208;0.6933783144715854;0.7603305785123967;0.5;40;78.86507630348206;360,320,370,350,330,400,420,460,440,450,340,520,310,390,470,500,380,230,510,430
0;3;baseline;shared-alpha;20;SVM;0.7345679012345679;0.6924753771888713;0.7345679012345679;0.7006566366060992;0.06097560975609756;0.8553719008264463;40;0.38498973846435547;370,360,350,330,400,420,320,460,230,500,340,450,380,510,390,430,520,310,470,440
1;1;baseline;shared-alpha;20;SVM;0.8856749311294766;0.9184805850456175;0.8856749311294766;0.8754767724353338;0.7468879668049793;0.9918032786885246;40;0.3018641471862793;350,330,370,360,320,340,420,460,450,400,390,440,310,430,230,470,410,380,510,200
2;5;baseline;shared-alpha;20;SVM;0.7446514837819186;0.6350975290019677;0.7446514837819186;0.661526826638504;0.5020576131687243;0.987603305785124;40;0.4955298900604248;350,370,420,320,330,440,460,360,340,400,450,430,380,230,390,520,310,470,410,500
3;4;baseline;shared-alpha;20;SVM;0.6583679114799447;0.614684786776363;0.6583679114799447;0.6313435546358539;0.0;0.9336099585062241;40;0.3720886707305908;350,370,360,340,330,320,440,460,310,450,420,400,470,390,500,380,430,520,410,230
4;2;baseline;shared-alpha;20;SVM;0.7109433962264151;0.6803674985602103;0.7109433962264151;0.6314347687338231;0.47520661157024796;0.5;40;0.2376096248626709;360,320,370,350,330,400,420,460,440,450,340,520,310,390,470,500,380,230,510,430
0;3;baseline;shared-alpha;50;RF;0.8573388203017832;0.8214058773987676;0.8573388203017832;0.834543172856511;0.3983739837398374;0.987603305785124;100;7.198927402496338;370,360,350,330,400,420,320,460,230,500,340,450,380,510,390,430,520,310,470,440,410,200,480,490,250,530,290,540,550,570,560,100,590,580,260,300,140,110,120,130,170,160,150,180,210,190,220,240,280,270
1;1;baseline;shared-alpha;50;RF;0.8195592286501377;0.8114711380568059;0.8195592286501377;0.7856617360455586;1.0;0.45491803278688525;100;7.249276161193848;350,330,370,360,320,340,420,460,450,400,390,440,310,430,230,470,410,380,510,200,520,500,480,550,490,540,250,290,100,530,570,560,580,590,260,300,140,110,120,130,170,160,150,180,210,190,220,240,280,270
2;5;baseline;shared-alpha;50;RF;0.6866804692891649;0.702866266938917;0.6866804692891649;0.6245345031631147;0.5020576131687243;0.5454545454545454;100;3.3460209369659424;350,370,420,320,330,440,460,360,340,400,450,430,380,230,390,520,310,470,410,500,510,480,200,250,540,490,550,570,290,530,100,580,560,590,260,300,140,110,120,130,170,160,150,180,210,190,220,240,280,270
3;4;baseline;shared-alpha;50;RF;0.7420470262793915;0.6184706986072462;0.7420470262793915;0.6631004403944409;0.45228215767634855;0.995850622406639;100;5.3693482875823975;350,370,360,340,330,320,440,460,310,450,420,400,470,390,500,380,430,520,410,230,480,550,490,200,510,250,540,570,530,100,560,290,580,590,260,300,140,110,120,130,170,160,150,180,210,190,220,240,280,270
4;2;baseline;shared-alpha;50;RF;0.8181132075471698;0.7271698113207548;0.8181132075471698;0.7574842767295598;0.5;0.5;100;5.026839256286621;360,320,370,350,330,400,420,460,440,450,340,520,310,390,470,500,380,230,510,430,410,200,490,250,480,550,540,560,570,290,530,580,100,590,260,300,140,110,120,130,170,160,150,180,210,190,220,240,280,270
0;3;baseline;shared-alpha;50;NB;0.6742112482853223;0.602219874441548;0.6742112482853223;0.5982791499468225;0.5040650406504065;0.4090909090909091;100;0.017837047576904297;370,360,350,330,400,420,320,460,230,500,340,450,380,510,390,430,520,310,470,440,410,200,480,490,250,530,290,540,550,570,560,100,590,580,260,300,140,110,120,130,170,160,150,180,210,190,220,240,280,270
1;1;baseline;shared-alpha;50;NB;0.7651515151515151;0.7725782843302333;0.7651515151515151;0.7439006849863123;0.6141078838174274;0.4672131147540984;100;0.012205123901367188;350,330,370,360,320,340,420,460,450,400,390,440,310,430,230,470,410,380,510,200,520,500,480,550,490,540,250,290,100,530,570,560,580,590,260,300,140,110,120,130,170,160,150,180,210,190,220,240,280,270
2;5;baseline;shared-alpha;50;NB;0.49620427881297446;0.49436026247589554;0.49620427881297446;0.4428287551908184;0.5020576131687243;0.6239669421487604;100;0.0598599910736084;350,370,420,320,330,440,460,360,340,400,450,430,380,230,390,520,310,470,410,500,510,480,200,250,540,490,550,570,290,530,100,580,560,590,260,300,140,110,120,130,170,160,150,180,210,190,220,240,280,270
3;4;baseline;shared-alpha;50;NB;0.6134163208852006;0.6186183154882415;0.6134163208852006;0.5891380597878607;0.02074688796680498;0.6556016597510373;100;0.014342546463012695;350,370,360,340,330,320,440,460,310,450,420,400,470,390,500,380,430,520,410,230,480,550,490,200,510,250,540,570,530,100,560,290,580,590,260,300,140,110,120,130,170,160,150,180,210,190,220,240,280,270
4;2;baseline;shared-alpha;50;NB;0.5811320754716981;0.5473543897190766;0.5811320754716981;0.49631795767765474;0.5;0.2125;100;0.011222124099731445;360,320,370,350,330,400,420,460,440,450,340,520,310,390,470,500,380,230,510,430,410,200,490,250,480,550,540,560,570,290,530,580,100,590,260,300,140,110,120,130,170,160,150,180,210,190,220,240,280,270
0;3;baseline;shared-alpha;50;LR;0.8299039780521262;0.7451098795309822;0.8299039780521262;0.7740957121539799;0.5040650406504065;1.0;100;0.17464280128479004;370,360,350,330,400,420,320,460,230,500,340,450,380,510,390,430,520,310,470,440,410,200,480,490,250,530,290,540,550,570,560,100,590,580,260,300,140,110,120,130,170,160,150,180,210,190,220,240,280,270
1;1;baseline;shared-alpha;50;LR;0.8250688705234159;0.8294327057147457;0.8250688705234159;0.7920874074025614;0.6182572614107884;0.8647540983606558;100;0.15586566925048828;350,330,370,360,320,340,420,460,450,400,390,440,310,430,230,470,410,380,510,200,520,500,480,550,490,540,250,290,100,530,570,560,580,590,260,300,140,110,120,130,170,160,150,180,210,190,220,240,280,270
2;5;baseline;shared-alpha;50;LR;0.7294685990338164;0.6961858656300159;0.7294685990338164;0.6515680341097476;0.5020576131687243;0.5041322314049587;100;4.555160999298096;350,370,420,320,330,440,460,360,340,400,450,430,380,230,390,520,310,470,410,500,510,480,200,250,540,490,550,570,290,530,100,580,560,590,260,300,140,110,120,130,170,160,150,180,210,190,220,240,280,270
3;4;baseline;shared-alpha;50;LR;0.6286307053941909;0.5460935162419583;0.6286307053941909;0.5651476527400469;0.1825726141078838;0.6141078838174274;100;0.16881346702575684;350,370,360,340,330,320,440,460,310,450,420,400,470,390,500,380,430,520,410,230,480,550,490,200,510,250,540,570,530,100,560,290,580,590,260,300,140,110,120,130,170,160,150,180,210,190,220,240,280,270
4;2;baseline;shared-alpha;50;LR;0.6324528301886793;0.5257056548519046;0.6324528301886793;0.5230854462656992;0.5;0.44166666666666665;100;2.589554786682129;360,320,370,350,330,400,420,460,440,450,340,520,310,390,470,500,380,230,510,430,410,200,490,250,480,550,540,560,570,290,530,580,100,590,260,300,140,110,120,130,170,160,150,180,210,190,220,240,280,270
0;3;baseline;shared-alpha;50;GB;0.8072702331961591;0.838217829223125;0.8072702331961591;0.7484079880897525;0.5040650406504065;0.5041322314049587;100;205.5313401222229;370,360,350,330,400,420,320,460,230,500,340,450,380,510,390,430,520,310,470,440,410,200,480,490,250,530,290,540,550,570,560,100,590,580,260,300,140,110,120,130,170,160,150,180,210,190,220,240,280,270
1;1;baseline;shared-alpha;50;GB;0.7548209366391184;0.7459117404826403;0.7548209366391184;0.7181689973952472;1.0;0.44672131147540983;100;196.71632623672485;350,330,370,360,320,340,420,460,450,400,390,440,310,430,230,470,410,380,510,200,520,500,480,550,490,540,250,290,100,530,570,560,580,590,260,300,140,110,120,130,170,160,150,180,210,190,220,240,280,270
2;5;baseline;shared-alpha;50;GB;0.6894409937888198;0.6903695468775763;0.6894409937888198;0.6343358757360513;0.5020576131687243;0.5371900826446281;100;209.67975234985352;350,370,420,320,330,440,460,360,340,400,450,430,380,230,390,520,310,470,410,500,510,480,200,250,540,490,550,570,290,530,100,580,560,590,260,300,140,110,120,130,170,160,150,180,210,190,220,240,280,270
3;4;baseline;shared-alpha;50;GB;0.6300138312586445;0.576974612372159;0.6300138312586445;0.5919995428985747;0.0912863070539419;0.6846473029045643;100;207.08526253700256;350,370,360,340,330,320,440,460,310,450,420,400,470,390,500,380,430,520,410,230,480,550,490,200,510,250,540,570,530,100,560,290,580,590,260,300,140,110,120,130,170,160,150,180,210,190,220,240,280,270
4;2;baseline;shared-alpha;50;GB;0.7184905660377359;0.7531330111998012;0.7184905660377359;0.7218370580974512;0.7520661157024794;0.4666666666666667;100;212.2488157749176;360,320,370,350,330,400,420,460,440,450,340,520,310,390,470,500,380,230,510,430,410,200,490,250,480,550,540,560,570,290,530,580,100,590,260,300,140,110,120,130,170,160,150,180,210,190,220,240,280,270
0;3;baseline;shared-alpha;50;SVM;0.7503429355281207;0.7118048604372658;0.7503429355281207;0.6777262666585709;0.5040650406504065;0.9628099173553719;100;0.5091872215270996;370,360,350,330,400,420,320,460,230,500,340,450,380,510,390,430,520,310,470,440,410,200,480,490,250,530,290,540,550,570,560,100,590,580,260,300,140,110,120,130,170,160,150,180,210,190,220,240,280,270
1;1;baseline;shared-alpha;50;SVM;0.8526170798898072;0.8353576166349391;0.8526170798898072;0.8277947928334064;0.7717842323651453;0.8442622950819673;100;0.6247549057006836;350,330,370,360,320,340,420,460,450,400,390,440,310,430,230,470,410,380,510,200,520,500,480,550,490,540,250,290,100,530,570,560,580,590,260,300,140,110,120,130,170,160,150,180,210,190,220,240,280,270
2;5;baseline;shared-alpha;50;SVM;0.6846100759144237;0.5946417435984461;0.6846100759144237;0.59208726920036;0.5020576131687243;0.6033057851239669;100;0.4991428852081299;350,370,420,320,330,440,460,360,340,400,450,430,380,230,390,520,310,470,410,500,510,480,200,250,540,490,550,570,290,530,100,580,560,590,260,300,140,110,120,130,170,160,150,180,210,190,220,240,280,270
3;4;baseline;shared-alpha;50;SVM;0.6313969571230982;0.5678510508859379;0.6313969571230982;0.5796199251781736;0.04564315352697095;0.7344398340248963;100;0.6544041633605957;350,370,360,340,330,320,440,460,310,450,420,400,470,390,500,380,430,520,410,230,480,550,490,200,510,250,540,570,530,100,560,290,580,590,260,300,140,110,120,130,170,160,150,180,210,190,220,240,280,270
4;2;baseline;shared-alpha;50;SVM;0.7169811320754716;0.6273724901729552;0.7169811320754716;0.6277832898378226;0.5;0.49583333333333335;100;0.7847564220428467;360,320,370,350,330,400,420,460,440,450,340,520,310,390,470,500,380,230,510,430,410,200,490,250,480,550,540,560,570,290,530,580,100,590,260,300,140,110,120,130,170,160,150,180,210,190,220,240,280,270
