norm_mode;K;freq;folds_selected;n_selected;mean_rank;in_universal
baseline;1;100;0/5;0;31.0;False
baseline;1;110;0/5;0;38.0;False
baseline;1;120;0/5;0;39.0;False
baseline;1;130;0/5;0;40.0;False
baseline;1;140;0/5;0;37.0;False
baseline;1;150;0/5;0;43.0;False
baseline;1;160;0/5;0;42.0;False
baseline;1;170;0/5;0;41.0;False
baseline;1;180;0/5;0;44.0;False
baseline;1;190;0/5;0;46.0;False
baseline;1;200;0/5;0;22.2;False
baseline;1;210;0/5;0;45.0;False
baseline;1;220;0/5;0;47.0;False
baseline;1;230;0/5;0;15.2;False
baseline;1;240;0/5;0;48.0;False
baseline;1;250;0/5;0;25.2;False
baseline;1;260;0/5;0;35.0;False
baseline;1;270;0/5;0;50.0;False
baseline;1;280;0/5;0;49.0;False
baseline;1;290;0/5;0;29.2;False
baseline;1;300;0/5;0;36.0;False
baseline;1;310;0/5;0;14.0;False
baseline;1;320;0/5;0;4.8;False
baseline;1;330;0/5;0;4.2;False
baseline;1;340;0/5;0;8.2;False
baseline;1;350;3/5;3;2.0;False
baseline;1;360;1/5;1;3.6;False
baseline;1;370;1/5;1;2.2;False
baseline;1;380;0/5;0;15.4;False
baseline;1;390;0/5;0;13.8;False
baseline;1;400;0/5;0;8.6;False
baseline;1;410;0/5;0;19.4;False
baseline;1;420;0/5;0;6.8;False
baseline;1;430;0/5;0;15.8;False
baseline;1;440;0/5;0;10.8;False
baseline;1;450;0/5;0;10.4;False
baseline;1;460;0/5;0;7.8;False
baseline;1;470;0/5;0;16.2;False
baseline;1;480;0/5;0;22.8;False
baseline;1;490;0/5;0;24.2;False
baseline;1;500;0/5;0;16.6;False
baseline;1;510;0/5;0;19.6;False
baseline;1;520;0/5;0;16.8;False
baseline;1;530;0/5;0;29.2;False
baseline;1;540;0/5;0;26.6;False
baseline;1;550;0/5;0;25.6;False
baseline;1;560;0/5;0;31.0;False
baseline;1;570;0/5;0;29.2;False
baseline;1;580;0/5;0;32.8;False
baseline;1;590;0/5;0;33.8;False
baseline;3;100;0/5;0;31.0;False
baseline;3;110;0/5;0;38.0;False
baseline;3;120;0/5;0;39.0;False
baseline;3;130;0/5;0;40.0;False
baseline;3;140;0/5;0;37.0;False
baseline;3;150;0/5;0;43.0;False
baseline;3;160;0/5;0;42.0;False
baseline;3;170;0/5;0;41.0;False
baseline;3;180;0/5;0;44.0;False
baseline;3;190;0/5;0;46.0;False
baseline;3;200;0/5;0;22.2;False
baseline;3;210;0/5;0;45.0;False
baseline;3;220;0/5;0;47.0;False
baseline;3;230;0/5;0;15.2;False
baseline;3;240;0/5;0;48.0;False
baseline;3;250;0/5;0;25.2;False
baseline;3;260;0/5;0;35.0;False
baseline;3;270;0/5;0;50.0;False
baseline;3;280;0/5;0;49.0;False
baseline;3;290;0/5;0;29.2;False
baseline;3;300;0/5;0;36.0;False
baseline;3;310;0/5;0;14.0;False
baseline;3;320;1/5;1;4.8;False
baseline;3;330;1/5;1;4.2;False
baseline;3;340;0/5;0;8.2;False
baseline;3;350;4/5;4;2.0;True
baseline;3;360;3/5;3;3.6;False
baseline;3;370;5/5;5;2.2;True
baseline;3;380;0/5;0;15.4;False
baseline;3;390;0/5;0;13.8;False
baseline;3;400;0/5;0;8.6;False
baseline;3;410;0/5;0;19.4;False
baseline;3;420;1/5;1;6.8;False
baseline;3;430;0/5;0;15.8;False
baseline;3;440;0/5;0;10.8;False
baseline;3;450;0/5;0;10.4;False
baseline;3;460;0/5;0;7.8;False
baseline;3;470;0/5;0;16.2;False
baseline;3;480;0/5;0;22.8;False
baseline;3;490;0/5;0;24.2;False
baseline;3;500;0/5;0;16.6;False
baseline;3;510;0/5;0;19.6;False
baseline;3;520;0/5;0;16.8;False
baseline;3;530;0/5;0;29.2;False
baseline;3;540;0/5;0;26.6;False
baseline;3;550;0/5;0;25.6;False
baseline;3;560;0/5;0;31.0;False
baseline;3;570;0/5;0;29.2;False
baseline;3;580;0/5;0;32.8;False
baseline;3;590;0/5;0;33.8;False
baseline;5;100;0/5;0;31.0;False
baseline;5;110;0/5;0;38.0;False
baseline;5;120;0/5;0;39.0;False
baseline;5;130;0/5;0;40.0;False
baseline;5;140;0/5;0;37.0;False
baseline;5;150;0/5;0;43.0;False
baseline;5;160;0/5;0;42.0;False
baseline;5;170;0/5;0;41.0;False
baseline;5;180;0/5;0;44.0;False
baseline;5;190;0/5;0;46.0;False
baseline;5;200;0/5;0;22.2;False
baseline;5;210;0/5;0;45.0;False
baseline;5;220;0/5;0;47.0;False
baseline;5;230;0/5;0;15.2;False
baseline;5;240;0/5;0;48.0;False
baseline;5;250;0/5;0;25.2;False
baseline;5;260;0/5;0;35.0;False
baseline;5;270;0/5;0;50.0;False
baseline;5;280;0/5;0;49.0;False
baseline;5;290;0/5;0;29.2;False
baseline;5;300;0/5;0;36.0;False
baseline;5;310;0/5;0;14.0;False
baseline;5;320;3/5;3;4.8;False
baseline;5;330;5/5;5;4.2;True
baseline;5;340;1/5;1;8.2;False
baseline;5;350;5/5;5;2.0;True
baseline;5;360;4/5;4;3.6;True
baseline;5;370;5/5;5;2.2;True
baseline;5;380;0/5;0;15.4;False
baseline;5;390;0/5;0;13.8;False
baseline;5;400;1/5;1;8.6;False
baseline;5;410;0/5;0;19.4;False
baseline;5;420;1/5;1;6.8;False
baseline;5;430;0/5;0;15.8;False
baseline;5;440;0/5;0;10.8;False
baseline;5;450;0/5;0;10.4;False
baseline;5;460;0/5;0;7.8;False
baseline;5;470;0/5;0;16.2;False
baseline;5;480;0/5;0;22.8;False
baseline;5;490;0/5;0;24.2;False
baseline;5;500;0/5;0;16.6;False
baseline;5;510;0/5;0;19.6;False
baseline;5;520;0/5;0;16.8;False
baseline;5;530;0/5;0;29.2;False
baseline;5;540;0/5;0;26.6;False
baseline;5;550;0/5;0;25.6;False
baseline;5;560;0/5;0;31.0;False
baseline;5;570;0/5;0;29.2;False
baseline;5;580;0/5;0;32.8;False
baseline;5;590;0/5;0;33.8;False
baseline;10;100;0/5;0;31.0;False
baseline;10;110;0/5;0;38.0;False
baseline;10;120;0/5;0;39.0;False
baseline;10;130;0/5;0;40.0;False
baseline;10;140;0/5;0;37.0;False
baseline;10;150;0/5;0;43.0;False
baseline;10;160;0/5;0;42.0;False
baseline;10;170;0/5;0;41.0;False
baseline;10;180;0/5;0;44.0;False
baseline;10;190;0/5;0;46.0;False
baseline;10;200;0/5;0;22.2;False
baseline;10;210;0/5;0;45.0;False
baseline;10;220;0/5;0;47.0;False
baseline;10;230;1/5;1;15.2;False
baseline;10;240;0/5;0;48.0;False
baseline;10;250;0/5;0;25.2;False
baseline;10;260;0/5;0;35.0;False
baseline;10;270;0/5;0;50.0;False
baseline;10;280;0/5;0;49.0;False
baseline;10;290;0/5;0;29.2;False
baseline;10;300;0/5;0;36.0;False
baseline;10;310;1/5;1;14.0;False
baseline;10;320;5/5;5;4.8;True
baseline;10;330;5/5;5;4.2;True
baseline;10;340;3/5;3;8.2;False
baseline;10;350;5/5;5;2.0;True
baseline;10;360;5/5;5;3.6;True
baseline;10;370;5/5;5;2.2;True
baseline;10;380;0/5;0;15.4;False
baseline;10;390;0/5;0;13.8;False
baseline;10;400;4/5;4;8.6;True
baseline;10;410;0/5;0;19.4;False
baseline;10;420;4/5;4;6.8;True
baseline;10;430;0/5;0;15.8;False
baseline;10;440;3/5;3;10.8;False
baseline;10;450;3/5;3;10.4;False
baseline;10;460;5/5;5;7.8;True
baseline;10;470;0/5;0;16.2;False
baseline;10;480;0/5;0;22.8;False
baseline;10;490;0/5;0;24.2;False
baseline;10;500;1/5;1;16.6;False
baseline;10;510;0/5;0;19.6;False
baseline;10;520;0/5;0;16.8;False
baseline;10;530;0/5;0;29.2;False
baseline;10;540;0/5;0;26.6;False
baseline;10;550;0/5;0;25.6;False
baseline;10;560;0/5;0;31.0;False
baseline;10;570;0/5;0;29.2;False
baseline;10;580;0/5;0;32.8;False
baseline;10;590;0/5;0;33.8;False
baseline;20;100;0/5;0;31.0;False
baseline;20;110;0/5;0;38.0;False
baseline;20;120;0/5;0;39.0;False
baseline;20;130;0/5;0;40.0;False
baseline;20;140;0/5;0;37.0;False
baseline;20;150;0/5;0;43.0;False
baseline;20;160;0/5;0;42.0;False
baseline;20;170;0/5;0;41.0;False
baseline;20;180;0/5;0;44.0;False
baseline;20;190;0/5;0;46.0;False
baseline;20;200;1/5;1;22.2;False
baseline;20;210;0/5;0;45.0;False
baseline;20;220;0/5;0;47.0;False
baseline;20;230;5/5;5;15.2;True
baseline;20;240;0/5;0;48.0;False
baseline;20;250;0/5;0;25.2;False
baseline;20;260;0/5;0;35.0;False
baseline;20;270;0/5;0;50.0;False
baseline;20;280;0/5;0;49.0;False
baseline;20;290;0/5;0;29.2;False
baseline;20;300;0/5;0;36.0;False
baseline;20;310;5/5;5;14.0;True
baseline;20;320;5/5;5;4.8;True
baseline;20;330;5/5;5;4.2;True
baseline;20;340;5/5;5;8.2;True
baseline;20;350;5/5;5;2.0;True
baseline;20;360;5/5;5;3.6;True
baseline;20;370;5/5;5;2.2;True
baseline;20;380;5/5;5;15.4;True
baseline;20;390;5/5;5;13.8;True
baseline;20;400;5/5;5;8.6;True
baseline;20;410;3/5;3;19.4;False
baseline;20;420;5/5;5;6.8;True
baseline;20;430;5/5;5;15.8;True
baseline;20;440;5/5;5;10.8;True
baseline;20;450;5/5;5;10.4;True
baseline;20;460;5/5;5;7.8;True
baseline;20;470;5/5;5;16.2;True
baseline;20;480;0/5;0;22.8;False
baseline;20;490;0/5;0;24.2;False
baseline;20;500;4/5;4;16.6;True
baseline;20;510;3/5;3;19.6;False
baseline;20;520;4/5;4;16.8;True
baseline;20;530;0/5;0;29.2;False
baseline;20;540;0/5;0;26.6;False
baseline;20;550;0/5;0;25.6;False
baseline;20;560;0/5;0;31.0;False
baseline;20;570;0/5;0;29.2;False
baseline;20;580;0/5;0;32.8;False
baseline;20;590;0/5;0;33.8;False
baseline;50;100;5/5;5;31.0;True
baseline;50;110;5/5;5;38.0;True
baseline;50;120;5/5;5;39.0;True
baseline;50;130;5/5;5;40.0;True
baseline;50;140;5/5;5;37.0;True
baseline;50;150;5/5;5;43.0;True
baseline;50;160;5/5;5;42.0;True
baseline;50;170;5/5;5;41.0;True
baseline;50;180;5/5;5;44.0;True
baseline;50;190;5/5;5;46.0;True
baseline;50;200;5/5;5;22.2;True
baseline;50;210;5/5;5;45.0;True
baseline;50;220;5/5;5;47.0;True
baseline;50;230;5/5;5;15.2;True
baseline;50;240;5/5;5;48.0;True
baseline;50;250;5/5;5;25.2;True
baseline;50;260;5/5;5;35.0;True
baseline;50;270;5/5;5;50.0;True
baseline;50;280;5/5;5;49.0;True
baseline;50;290;5/5;5;29.2;True
baseline;50;300;5/5;5;36.0;True
baseline;50;310;5/5;5;14.0;True
baseline;50;320;5/5;5;4.8;True
baseline;50;330;5/5;5;4.2;True
baseline;50;340;5/5;5;8.2;True
baseline;50;350;5/5;5;2.0;True
baseline;50;360;5/5;5;3.6;True
baseline;50;370;5/5;5;2.2;True
baseline;50;380;5/5;5;15.4;True
baseline;50;390;5/5;5;13.8;True
baseline;50;400;5/5;5;8.6;True
baseline;50;410;5/5;5;19.4;True
baseline;50;420;5/5;5;6.8;True
baseline;50;430;5/5;5;15.8;True
baseline;50;440;5/5;5;10.8;True
baseline;50;450;5/5;5;10.4;True
baseline;50;460;5/5;5;7.8;True
baseline;50;470;5/5;5;16.2;True
baseline;50;480;5/5;5;22.8;True
baseline;50;490;5/5;5;24.2;True
baseline;50;500;5/5;5;16.6;True
baseline;50;510;5/5;5;19.6;True
baseline;50;520;5/5;5;16.8;True
baseline;50;530;5/5;5;29.2;True
baseline;50;540;5/5;5;26.6;True
baseline;50;550;5/5;5;25.6;True
baseline;50;560;5/5;5;31.0;True
baseline;50;570;5/5;5;29.2;True
baseline;50;580;5/5;5;32.8;True
baseline;50;590;5/5;5;33.8;True
alpha;1;100;0/5;0;31.0;False
alpha;1;110;0/5;0;38.0;False
alpha;1;120;0/5;0;39.0;False
alpha;1;130;0/5;0;40.0;False
alpha;1;140;0/5;0;37.0;False
alpha;1;150;0/5;0;43.0;False
alpha;1;160;0/5;0;42.0;False
alpha;1;170;0/5;0;41.0;False
alpha;1;180;0/5;0;44.0;False
alpha;1;190;0/5;0;46.0;False
alpha;1;200;0/5;0;22.2;False
alpha;1;210;0/5;0;45.0;False
alpha;1;220;0/5;0;47.0;False
alpha;1;230;0/5;0;15.2;False
alpha;1;240;0/5;0;48.0;False
alpha;1;250;0/5;0;25.2;False
alpha;1;260;0/5;0;35.0;False
alpha;1;270;0/5;0;50.0;False
alpha;1;280;0/5;0;49.0;False
alpha;1;290;0/5;0;29.2;False
alpha;1;300;0/5;0;36.0;False
alpha;1;310;0/5;0;14.0;False
alpha;1;320;0/5;0;4.8;False
alpha;1;330;0/5;0;4.2;False
alpha;1;340;0/5;0;8.2;False
alpha;1;350;3/5;3;2.0;False
alpha;1;360;1/5;1;3.6;False
alpha;1;370;1/5;1;2.2;False
alpha;1;380;0/5;0;15.4;False
alpha;1;390;0/5;0;13.8;False
alpha;1;400;0/5;0;8.6;False
alpha;1;410;0/5;0;19.4;False
alpha;1;420;0/5;0;6.8;False
alpha;1;430;0/5;0;15.8;False
alpha;1;440;0/5;0;10.8;False
alpha;1;450;0/5;0;10.4;False
alpha;1;460;0/5;0;7.8;False
alpha;1;470;0/5;0;16.2;False
alpha;1;480;0/5;0;22.8;False
alpha;1;490;0/5;0;24.2;False
alpha;1;500;0/5;0;16.6;False
alpha;1;510;0/5;0;19.6;False
alpha;1;520;0/5;0;16.8;False
alpha;1;530;0/5;0;29.2;False
alpha;1;540;0/5;0;26.6;False
alpha;1;550;0/5;0;25.6;False
alpha;1;560;0/5;0;31.0;False
alpha;1;570;0/5;0;29.2;False
alpha;1;580;0/5;0;32.8;False
alpha;1;590;0/5;0;33.8;False
alpha;3;100;0/5;0;31.0;False
alpha;3;110;0/5;0;38.0;False
alpha;3;120;0/5;0;39.0;False
alpha;3;130;0/5;0;40.0;False
alpha;3;140;0/5;0;37.0;False
alpha;3;150;0/5;0;43.0;False
alpha;3;160;0/5;0;42.0;False
alpha;3;170;0/5;0;41.0;False
alpha;3;180;0/5;0;44.0;False
alpha;3;190;0/5;0;46.0;False
alpha;3;200;0/5;0;22.2;False
alpha;3;210;0/5;0;45.0;False
alpha;3;220;0/5;0;47.0;False
alpha;3;230;0/5;0;15.2;False
alpha;3;240;0/5;0;48.0;False
alpha;3;250;0/5;0;25.2;False
alpha;3;260;0/5;0;35.0;False
alpha;3;270;0/5;0;50.0;False
alpha;3;280;0/5;0;49.0;False
alpha;3;290;0/5;0;29.2;False
alpha;3;300;0/5;0;36.0;False
alpha;3;310;0/5;0;14.0;False
alpha;3;320;1/5;1;4.8;False
alpha;3;330;1/5;1;4.2;False
alpha;3;340;0/5;0;8.2;False
alpha;3;350;4/5;4;2.0;True
alpha;3;360;3/5;3;3.6;False
alpha;3;370;5/5;5;2.2;True
alpha;3;380;0/5;0;15.4;False
alpha;3;390;0/5;0;13.8;False
alpha;3;400;0/5;0;8.6;False
alpha;3;410;0/5;0;19.4;False
alpha;3;420;1/5;1;6.8;False
alpha;3;430;0/5;0;15.8;False
alpha;3;440;0/5;0;10.8;False
alpha;3;450;0/5;0;10.4;False
alpha;3;460;0/5;0;7.8;False
alpha;3;470;0/5;0;16.2;False
alpha;3;480;0/5;0;22.8;False
alpha;3;490;0/5;0;24.2;False
alpha;3;500;0/5;0;16.6;False
alpha;3;510;0/5;0;19.6;False
alpha;3;520;0/5;0;16.8;False
alpha;3;530;0/5;0;29.2;False
alpha;3;540;0/5;0;26.6;False
alpha;3;550;0/5;0;25.6;False
alpha;3;560;0/5;0;31.0;False
alpha;3;570;0/5;0;29.2;False
alpha;3;580;0/5;0;32.8;False
alpha;3;590;0/5;0;33.8;False
alpha;5;100;0/5;0;31.0;False
alpha;5;110;0/5;0;38.0;False
alpha;5;120;0/5;0;39.0;False
alpha;5;130;0/5;0;40.0;False
alpha;5;140;0/5;0;37.0;False
alpha;5;150;0/5;0;43.0;False
alpha;5;160;0/5;0;42.0;False
alpha;5;170;0/5;0;41.0;False
alpha;5;180;0/5;0;44.0;False
alpha;5;190;0/5;0;46.0;False
alpha;5;200;0/5;0;22.2;False
alpha;5;210;0/5;0;45.0;False
alpha;5;220;0/5;0;47.0;False
alpha;5;230;0/5;0;15.2;False
alpha;5;240;0/5;0;48.0;False
alpha;5;250;0/5;0;25.2;False
alpha;5;260;0/5;0;35.0;False
alpha;5;270;0/5;0;50.0;False
alpha;5;280;0/5;0;49.0;False
alpha;5;290;0/5;0;29.2;False
alpha;5;300;0/5;0;36.0;False
alpha;5;310;0/5;0;14.0;False
alpha;5;320;3/5;3;4.8;False
alpha;5;330;5/5;5;4.2;True
alpha;5;340;1/5;1;8.2;False
alpha;5;350;5/5;5;2.0;True
alpha;5;360;4/5;4;3.6;True
alpha;5;370;5/5;5;2.2;True
alpha;5;380;0/5;0;15.4;False
alpha;5;390;0/5;0;13.8;False
alpha;5;400;1/5;1;8.6;False
alpha;5;410;0/5;0;19.4;False
alpha;5;420;1/5;1;6.8;False
alpha;5;430;0/5;0;15.8;False
alpha;5;440;0/5;0;10.8;False
alpha;5;450;0/5;0;10.4;False
alpha;5;460;0/5;0;7.8;False
alpha;5;470;0/5;0;16.2;False
alpha;5;480;0/5;0;22.8;False
alpha;5;490;0/5;0;24.2;False
alpha;5;500;0/5;0;16.6;False
alpha;5;510;0/5;0;19.6;False
alpha;5;520;0/5;0;16.8;False
alpha;5;530;0/5;0;29.2;False
alpha;5;540;0/5;0;26.6;False
alpha;5;550;0/5;0;25.6;False
alpha;5;560;0/5;0;31.0;False
alpha;5;570;0/5;0;29.2;False
alpha;5;580;0/5;0;32.8;False
alpha;5;590;0/5;0;33.8;False
alpha;10;100;0/5;0;31.0;False
alpha;10;110;0/5;0;38.0;False
alpha;10;120;0/5;0;39.0;False
alpha;10;130;0/5;0;40.0;False
alpha;10;140;0/5;0;37.0;False
alpha;10;150;0/5;0;43.0;False
alpha;10;160;0/5;0;42.0;False
alpha;10;170;0/5;0;41.0;False
alpha;10;180;0/5;0;44.0;False
alpha;10;190;0/5;0;46.0;False
alpha;10;200;0/5;0;22.2;False
alpha;10;210;0/5;0;45.0;False
alpha;10;220;0/5;0;47.0;False
alpha;10;230;1/5;1;15.2;False
alpha;10;240;0/5;0;48.0;False
alpha;10;250;0/5;0;25.2;False
alpha;10;260;0/5;0;35.0;False
alpha;10;270;0/5;0;50.0;False
alpha;10;280;0/5;0;49.0;False
alpha;10;290;0/5;0;29.2;False
alpha;10;300;0/5;0;36.0;False
alpha;10;310;1/5;1;14.0;False
alpha;10;320;5/5;5;4.8;True
alpha;10;330;5/5;5;4.2;True
alpha;10;340;3/5;3;8.2;False
alpha;10;350;5/5;5;2.0;True
alpha;10;360;5/5;5;3.6;True
alpha;10;370;5/5;5;2.2;True
alpha;10;380;0/5;0;15.4;False
alpha;10;390;0/5;0;13.8;False
alpha;10;400;4/5;4;8.6;True
alpha;10;410;0/5;0;19.4;False
alpha;10;420;4/5;4;6.8;True
alpha;10;430;0/5;0;15.8;False
alpha;10;440;3/5;3;10.8;False
alpha;10;450;3/5;3;10.4;False
alpha;10;460;5/5;5;7.8;True
alpha;10;470;0/5;0;16.2;False
alpha;10;480;0/5;0;22.8;False
alpha;10;490;0/5;0;24.2;False
alpha;10;500;1/5;1;16.6;False
alpha;10;510;0/5;0;19.6;False
alpha;10;520;0/5;0;16.8;False
alpha;10;530;0/5;0;29.2;False
alpha;10;540;0/5;0;26.6;False
alpha;10;550;0/5;0;25.6;False
alpha;10;560;0/5;0;31.0;False
alpha;10;570;0/5;0;29.2;False
alpha;10;580;0/5;0;32.8;False
alpha;10;590;0/5;0;33.8;False
alpha;20;100;0/5;0;31.0;False
alpha;20;110;0/5;0;38.0;False
alpha;20;120;0/5;0;39.0;False
alpha;20;130;0/5;0;40.0;False
alpha;20;140;0/5;0;37.0;False
alpha;20;150;0/5;0;43.0;False
alpha;20;160;0/5;0;42.0;False
alpha;20;170;0/5;0;41.0;False
alpha;20;180;0/5;0;44.0;False
alpha;20;190;0/5;0;46.0;False
alpha;20;200;1/5;1;22.2;False
alpha;20;210;0/5;0;45.0;False
alpha;20;220;0/5;0;47.0;False
alpha;20;230;5/5;5;15.2;True
alpha;20;240;0/5;0;48.0;False
alpha;20;250;0/5;0;25.2;False
alpha;20;260;0/5;0;35.0;False
alpha;20;270;0/5;0;50.0;False
alpha;20;280;0/5;0;49.0;False
alpha;20;290;0/5;0;29.2;False
alpha;20;300;0/5;0;36.0;False
alpha;20;310;5/5;5;14.0;True
alpha;20;320;5/5;5;4.8;True
alpha;20;330;5/5;5;4.2;True
alpha;20;340;5/5;5;8.2;True
alpha;20;350;5/5;5;2.0;True
alpha;20;360;5/5;5;3.6;True
alpha;20;370;5/5;5;2.2;True
alpha;20;380;5/5;5;15.4;True
alpha;20;390;5/5;5;13.8;True
alpha;20;400;5/5;5;8.6;True
alpha;20;410;3/5;3;19.4;False
alpha;20;420;5/5;5;6.8;True
alpha;20;430;5/5;5;15.8;True
alpha;20;440;5/5;5;10.8;True
alpha;20;450;5/5;5;10.4;True
alpha;20;460;5/5;5;7.8;True
alpha;20;470;5/5;5;16.2;True
alpha;20;480;0/5;0;22.8;False
alpha;20;490;0/5;0;24.2;False
alpha;20;500;4/5;4;16.6;True
alpha;20;510;3/5;3;19.6;False
alpha;20;520;4/5;4;16.8;True
alpha;20;530;0/5;0;29.2;False
alpha;20;540;0/5;0;26.6;False
alpha;20;550;0/5;0;25.6;False
alpha;20;560;0/5;0;31.0;False
alpha;20;570;0/5;0;29.2;False
alpha;20;580;0/5;0;32.8;False
alpha;20;590;0/5;0;33.8;False
alpha;50;100;5/5;5;31.0;True
alpha;50;110;5/5;5;38.0;True
alpha;50;120;5/5;5;39.0;True
alpha;50;130;5/5;5;40.0;True
alpha;50;140;5/5;5;37.0;True
alpha;50;150;5/5;5;43.0;True
alpha;50;160;5/5;5;42.0;True
alpha;50;170;5/5;5;41.0;True
alpha;50;180;5/5;5;44.0;True
alpha;50;190;5/5;5;46.0;True
alpha;50;200;5/5;5;22.2;True
alpha;50;210;5/5;5;45.0;True
alpha;50;220;5/5;5;47.0;True
alpha;50;230;5/5;5;15.2;True
alpha;50;240;5/5;5;48.0;True
alpha;50;250;5/5;5;25.2;True
alpha;50;260;5/5;5;35.0;True
alpha;50;270;5/5;5;50.0;True
alpha;50;280;5/5;5;49.0;True
alpha;50;290;5/5;5;29.2;True
alpha;50;300;5/5;5;36.0;True
alpha;50;310;5/5;5;14.0;True
alpha;50;320;5/5;5;4.8;True
alpha;50;330;5/5;5;4.2;True
alpha;50;340;5/5;5;8.2;True
alpha;50;350;5/5;5;2.0;True
alpha;50;360;5/5;5;3.6;True
alpha;50;370;5/5;5;2.2;True
alpha;50;380;5/5;5;15.4;True
alpha;50;390;5/5;5;13.8;True
alpha;50;400;5/5;5;8.6;True
alpha;50;410;5/5;5;19.4;True
alpha;50;420;5/5;5;6.8;True
alpha;50;430;5/5;5;15.8;True
alpha;50;440;5/5;5;10.8;True
alpha;50;450;5/5;5;10.4;True
alpha;50;460;5/5;5;7.8;True
alpha;50;470;5/5;5;16.2;True
alpha;50;480;5/5;5;22.8;True
alpha;50;490;5/5;5;24.2;True
alpha;50;500;5/5;5;16.6;True
alpha;50;510;5/5;5;19.6;True
alpha;50;520;5/5;5;16.8;True
alpha;50;530;5/5;5;29.2;True
alpha;50;540;5/5;5;26.6;True
alpha;50;550;5/5;5;25.6;True
alpha;50;560;5/5;5;31.0;True
alpha;50;570;5/5;5;29.2;True
alpha;50;580;5/5;5;32.8;True
alpha;50;590;5/5;5;33.8;True
