norm_mode;K;model;mean_acc;std_acc;mean_f1;std_f1;mean_EG;mean_HJ;n_folds
alpha;1;GB;0.3638;0.0813;0.3163;0.0742;0.1546;0.3485;5
alpha;1;LR;0.3194;0.0619;0.2661;0.0547;0.1067;0.3693;5
alpha;1;NB;0.3636;0.137;0.3049;0.1209;0.151;0.3216;5
alpha;1;RF;0.3431;0.0596;0.3055;0.062;0.1841;0.379;5
alpha;1;SVM;0.3854;0.0964;0.303;0.0675;0.101;0.3667;5
alpha;3;GB;0.6369;0.0887;0.5913;0.0961;0.5693;0.5593;5
alpha;3;LR;0.6039;0.1894;0.5709;0.19;0.2852;0.533;5
alpha;3;NB;0.6342;0.1022;0.5855;0.1117;0.3505;0.5766;5
alpha;3;RF;0.712;0.1247;0.6655;0.1297;0.5666;0.5768;5
alpha;3;SVM;0.7606;0.1086;0.731;0.1263;0.66;0.6263;5
alpha;5;GB;0.672;0.0943;0.6249;0.0712;0.7279;0.5005;5
alpha;5;LR;0.6648;0.1113;0.6019;0.1062;0.3725;0.4363;5
alpha;5;NB;0.6878;0.0763;0.6286;0.0857;0.6053;0.5735;5
alpha;5;RF;0.7139;0.0745;0.6619;0.0793;0.5133;0.5359;5
alpha;5;SVM;0.7464;0.0671;0.704;0.0861;0.5867;0.545;5
alpha;10;GB;0.6899;0.0997;0.6347;0.1055;0.7869;0.6376;5
alpha;10;LR;0.6511;0.0799;0.5928;0.0928;0.5431;0.4514;5
alpha;10;NB;0.7356;0.0611;0.6916;0.0617;0.6632;0.6519;5
alpha;10;RF;0.7538;0.0711;0.7144;0.089;0.4386;0.6549;5
alpha;10;SVM;0.706;0.0753;0.6394;0.0762;0.5357;0.6075;5
alpha;20;GB;0.7117;0.1705;0.6604;0.1831;0.7028;0.5075;5
alpha;20;LR;0.7017;0.0944;0.6572;0.1093;0.3656;0.6367;5
alpha;20;NB;0.679;0.075;0.6279;0.0721;0.3588;0.6173;5
alpha;20;RF;0.841;0.0457;0.8014;0.0583;0.5609;0.7165;5
alpha;20;SVM;0.7644;0.0651;0.726;0.0472;0.514;0.7257;5
alpha;50;GB;0.7102;0.1029;0.667;0.1192;0.7363;0.5316;5
alpha;50;LR;0.6895;0.0251;0.6169;0.0367;0.4607;0.6194;5
alpha;50;NB;0.6843;0.0925;0.6338;0.1142;0.5231;0.6123;5
alpha;50;RF;0.8073;0.0884;0.7655;0.0948;0.4981;0.6984;5
alpha;50;SVM;0.7416;0.0529;0.6949;0.0557;0.4772;0.6516;5
baseline;1;GB;0.3836;0.0998;0.3576;0.0878;0.3195;0.3185;5
baseline;1;LR;0.4355;0.0377;0.3744;0.0515;0.2643;0.4418;5
baseline;1;NB;0.3969;0.0741;0.324;0.0518;0.2609;0.4436;5
baseline;1;RF;0.3888;0.0846;0.3633;0.0735;0.2964;0.3251;5
baseline;1;SVM;0.4441;0.05;0.3664;0.0426;0.3101;0.4642;5
baseline;3;GB;0.6526;0.0755;0.6071;0.0797;0.7245;0.5184;5
baseline;3;LR;0.6197;0.1352;0.5742;0.1493;0.2899;0.4595;5
baseline;3;NB;0.6056;0.0955;0.5563;0.1075;0.364;0.4685;5
baseline;3;RF;0.6938;0.0944;0.6397;0.1001;0.6485;0.5405;5
baseline;3;SVM;0.6575;0.1247;0.6241;0.1364;0.5933;0.5499;5
baseline;5;GB;0.6889;0.05;0.6334;0.0674;0.5933;0.5228;5
baseline;5;LR;0.6397;0.1327;0.5829;0.1466;0.4067;0.6711;5
baseline;5;NB;0.6458;0.0568;0.599;0.0551;0.5526;0.5174;5
baseline;5;RF;0.7074;0.1221;0.662;0.1276;0.5971;0.5144;5
baseline;5;SVM;0.7258;0.0981;0.6836;0.1188;0.5651;0.6356;5
baseline;10;GB;0.7472;0.0883;0.7018;0.0949;0.6322;0.6199;5
baseline;10;LR;0.7021;0.076;0.6615;0.082;0.417;0.5469;5
baseline;10;NB;0.6572;0.1199;0.6037;0.1324;0.4803;0.4989;5
baseline;10;RF;0.7467;0.0609;0.7129;0.0749;0.4941;0.6261;5
baseline;10;SVM;0.737;0.1035;0.7049;0.1059;0.3913;0.6175;5
baseline;20;GB;0.6365;0.0523;0.5886;0.0847;0.5238;0.5065;5
baseline;20;LR;0.6814;0.0663;0.6298;0.0762;0.241;0.7577;5
baseline;20;NB;0.6327;0.1071;0.5888;0.1027;0.2833;0.4594;5
baseline;20;RF;0.7736;0.0686;0.7352;0.0744;0.5541;0.7082;5
baseline;20;SVM;0.7468;0.0845;0.7001;0.1021;0.357;0.8537;5
baseline;50;GB;0.72;0.0668;0.6829;0.0665;0.5699;0.5279;5
baseline;50;LR;0.7291;0.0985;0.6612;0.1207;0.4614;0.6849;5
baseline;50;NB;0.626;0.1009;0.5741;0.115;0.4282;0.4737;5
baseline;50;RF;0.7847;0.069;0.7331;0.0871;0.5705;0.6968;5
baseline;50;SVM;0.7272;0.0827;0.661;0.1007;0.4647;0.7281;5
