Frequency (GHz);LG (mV) mean;HG (mV) mean;LG (mV) std deviation;HG (mV) std deviation;LG (mV) variance;HG (mV) variance
210.0;4.838418070973612;0.23961565379944494;1.644156154093116;0.7782226933759268;2.7032494590422664;0.6056305604852817
210.0;2.4290402811646956;88.88549102566816;1.415772877065845;102.1922671766082;2.0044128394353002;10443.259470695273
210.0;3.783308550500455;23.14398157358275;1.8378926389190988;55.412197372619545;3.377849352193009;3070.5116176621445
210.0;6.8531018289353955;0.09064742406838035;1.3942721955434092;0.7830442154070343;1.9439949552654388;0.6131582432824179
210.0;6.997626722474979;0.1371931737943585;1.7547922730434231;0.7870644116462716;3.079295921532904;0.6194703880800917
210.0;10.977338103730665;-0.02777238192861693;2.1356925481616966;0.7850955032068891;4.561182660273402;0.6163749491556785
210.0;12.5073468844404;0.0121074034788444;2.1242228301474726;0.7739432264029289;4.512322632119738;0.5989881176949753
210.0;11.862150420382166;-0.03232579919589627;2.265170070210025;0.7625244715654285;5.130995446975288;0.581443569736136
210.0;10.904575748862602;0.0057769784540218335;2.474377787913014;0.7535322420905458;6.122545437317299;0.5678108398700049
210.0;9.27725427843494;0.029881743115295723;2.7708309563494313;0.774986776595892;7.6775041886643045;0.6006045038984911
210.0;7.61316283166515;0.05543367223477707;2.462268302901394;0.7894853622038697;6.062765195472912;0.6232871371341753
210.0;6.694802068243858;0.06065378401506825;2.1163805646523612;0.7619801309945924;4.479066694438248;0.5806137200305362
210.0;7.487893;-0.08138833333333334;2.44272116146952;0.9324653395179541;5.966886672691;0.8694916094023333
220.0;6.340092534150612;0.10540839911211909;1.9284687314121323;0.8034538487883178;3.718991648034319;0.6455380871327612
220.0;6.187432562171629;0.12293946631369526;1.732970304352139;0.7441943295509464;3.003186075766345;0.5538252001357826
220.0;6.190425903677759;0.18152458696697021;1.7327936267044957;0.7995600310786941;3.0025737527477188;0.6392962432985623
220.0;6.085231639229422;0.142611427963993;1.7588741626588298;0.7913974835615412;3.0936383200687994;0.6263099769875399
220.0;6.0187368826619965;0.16548860309532398;1.6329068310662889;0.7809012592344452;2.6663847189429495;0.6098067766739421
220.0;5.90648691943958;0.15437050382437828;1.4984688541941458;0.7492910721832646;2.2454089069899164;0.5614371108535463
220.0;5.858807395796847;0.1734006711196147;1.5371406403805556;0.774585284801353;2.362801348309545;0.5999823634307933
220.0;5.753185507880911;0.17810430555940454;1.4315684813393086;0.773448390576345;2.0493883167641345;0.5982224128851383
220.0;5.685835516637478;0.15480037072457092;1.3480847924074404;0.8050240230536118;1.8173326075202116;0.6480636776934221
220.0;5.719189802101576;0.20974801686143607;1.3472573095102072;0.7778934388804579;1.815102258028682;0.6051182022532647
220.0;5.7412121663747815;0.12550580145807355;1.3061046663134548;0.7917856503610365;1.7059093993657812;0.6269245161176495
220.0;5.642004584938704;15.262362630383276;1.4612510455082506;120.6307426186188;2.1352546179989553;14551.776064719454
220.0;2.075448666666667;546.4127223333334;1.164619189933488;33.75742551647148;1.3563378575613334;1139.5637775001198
230.0;0.5456772785714287;474.6684257857143;0.8926027617790151;81.00051899859028;0.7967396903355252;6561.084078040985
230.0;0.5134118910714286;428.8906150303571;0.9452926590375603;33.03676539643031;0.8935782112303012;1091.427867858775
230.0;0.5487294142857143;417.219487475;0.9768725597944892;24.712563413599305;0.9542799980794379;610.710790471167
230.0;0.54218915;417.50202731785714;0.9590235583854043;26.420663842450516;0.919726185538203;698.0514778757721
230.0;0.5557057017857143;421.97339798214284;0.9586126057981066;28.707361308471135;0.9189381279950362;824.1125932951055
230.0;0.4606536428571428;412.42698906249996;1.000286559787369;25.075606313582387;1.0005732016912496;628.7860319937729
230.0;0.49291903750000005;417.85498421964286;0.9318387855861915;27.032601502526422;0.8683235223227481;730.7615439943937
230.0;0.5430611571428572;441.66116403035716;0.9487151653099418;35.22606291109588;0.9000604648890702;1240.8755082164846
230.0;0.48419865714285715;450.34098531428566;0.9558809028464723;34.80781118177284;0.9137083004265871;1211.5837192659505
230.0;0.5454592714285714;466.4165573732143;0.8850120998329218;40.51145367615681;0.7832464168506776;1641.1778789553991
230.0;0.5454592696428572;476.7739619017857;0.9220184584361593;41.71258560598323;0.8501180376969916;1739.939797936479
230.0;0.7479899142857143;448.1663411365615;1.3073532230976022;103.88757603124952;1.7091724499436884;10792.62845364865
230.0;6.623123;0.06103499999999995;1.3275888820672865;1.0287176905523367;1.7624922397886678;1.0582600868553331
240.0;8.288683274647887;-0.009670814027183103;1.42480219045287;0.7686760096401266;2.0300612819192962;0.590862807796268
240.0;8.491800387323943;-0.018485150384823942;1.2716875121093918;0.7396685809666849;1.6171891284549746;0.5471096096692692
240.0;8.534788142605633;-0.013111954225369706;1.1896548740920994;0.7755701340608234;1.4152787194510887;0.6015090328471236
240.0;8.665255977112675;-0.03826107635114437;1.3290826251595347;0.7687236832237686;1.7664606245009604;0.590936101149117
240.0;8.59174691725352;-0.03568029540616196;1.264670236324065;0.7829392635833284;1.5993908066439664;0.6129938904604046
240.0;8.525975658450704;0.032883793088767606;1.1829689037295512;0.7727408536423939;1.3994154271910964;0.5971284268879755
240.0;8.485137301056339;0.030736142507359163;1.2113627884061695;0.7535408487008403;1.46739980513517;0.5678238106607827
240.0;8.41872122359155;-0.0404080613412852;1.1675041377128317;0.80172429021848;1.3630659115765829;0.6427618375263257
240.0;8.427318762323944;-0.031594877685880284;1.2392899972233993;0.7901501734558133;1.535839697217973;0.6243372966122518
240.0;8.462783663732393;-0.011607514092746471;1.2546973638844792;0.8162661927853864;1.5742654749386609;0.6662904974843495
240.0;8.277721387323943;-0.0004300771863732327;1.2353209916869279;0.7768167873744569;1.5260179525023752;0.6034443211467722
240.0;8.210660522887325;7.4252725687602625;1.523114561117266;62.335431336179795;2.319877966287442;3885.7059998675863
240.0;1.2941032;550.2380896000001;0.7456196637802011;8.683084256352435;0.5559486830157001;75.39595220291551
250.0;1.5439182486865148;106.7127441576182;1.0307466543710742;122.56294549491417;1.0624386654971627;15021.675608389301
250.0;1.7414782189141855;4.188738233112084;1.1431705414179427;6.986984524790634;1.3068388867657923;48.817952749663796
250.0;1.7803915218914188;-0.00770016821569177;1.1452014344230348;0.810941725381219;1.3114863254045763;0.6576264819642684
250.0;1.8678395954465847;-0.01561014922817863;1.1068262774055864;0.7491983951872013;1.225064408355508;0.5612982353510779
250.0;1.9026905674255692;0.017318218172924695;1.1210847459723434;0.7845191399697814;1.2568310076518738;0.6154702809789254
250.0;1.9422452907180388;-0.008127566871663754;1.0789215450242828;0.7852507275376781;1.1640717003175856;0.6166187050984528
250.0;1.9623433800350265;-0.00812403604451839;1.1133173563348844;0.7996721711684885;1.2394755359164957;0.6394755813413244
250.0;1.9037595901926445;0.001284423817880913;1.1667692111339893;0.7552165523285194;1.3613503920502317;0.5703520409109752
250.0;1.8783162591943956;-0.02351797530243432;1.0928877369707555;0.8268935504540458;1.194403605621059;0.6837529437824975
250.0;1.955929108581436;0.036988071152171634;1.1130453305714685;0.794375418001429;1.2388699079069494;0.631032304724945
250.0;1.9388243397548162;0.009194633331996493;1.1590359583344634;0.7734153136489323;1.343364352712288;0.5981712473866764
250.0;2.079083366024518;-0.025870379025008765;1.2395411830348841;0.7433736411134207;1.53646234443952;0.5526043703022249
250.0;4.395067749999999;0.3357530000000001;0.7256972633903548;0.7214079865041696;0.52663651809225;0.5204294829920001
260.0;4.851337112084063;0.16249511281716286;1.0855579534525874;0.7470435812933567;1.17843607030417;0.5580741123516041
260.0;4.7185614255691775;0.1620683109925394;1.058005311030345;0.7565287935725558;1.1193752381684168;0.5723358155043466
260.0;4.807506178633976;0.1577931402924168;1.090816767343353;0.7667635690283275;1.1898812199174031;0.5879263707890587
260.0;4.679861910683012;0.14667484275653242;1.0495040838203926;0.7580128207616572;1.1014588219556816;0.5745834364390443
260.0;4.695683817863397;0.17083398027942207;1.0421678230106377;0.8330706096946155;1.0861137713187319;0.6940066407369584
260.0;4.742721891418564;0.14560411051194394;1.0501139389025824;0.7852066735719445;1.1027392846774968;0.6165495202219182
260.0;4.757474744308231;0.12400873352339753;1.0634961730292272;0.7774454836154565;1.1310241100478118;0.604421479994071
260.0;4.671737145359018;0.1785311718078634;1.0437924229049627;0.7645397420118234;1.0895026221138124;0.5845210171155055
260.0;4.75448142732049;0.14838665323992994;1.015200992561136;0.8266038410910785;1.0306330552971157;0.6832739101065249
260.0;4.713216166374782;0.1526623089642732;1.0437774085027356;0.7485965446660641;1.0894712785006864;0.5603967866859705
260.0;4.727969028021016;0.1325612238911734;1.076448060232177;0.7904508720430949;1.1587404263776167;0.6248125811136892
260.0;4.69354573905429;0.18323752465276708;1.1225809889826572;0.9503398159544499;1.260188076825281;0.9031457657883377
260.0;3.8020825714285715;0.2267462857142857;1.2754418975365436;1.0861002169349927;1.626752033991619;1.179613681226238
270.0;3.9252314195933455;0.27779576018567465;1.0851370973002612;0.7888589021193528;1.1775225199372366;0.6222983674529508
270.0;3.8482793678373386;0.23176065959678374;1.026277298228126;0.8218518900498253;1.0532450928584218;0.6754405291784702
270.0;3.832257114602588;0.3109695553969686;1.02331054167358;0.7901192357982699;1.0471644647002756;0.6242884067784421
270.0;3.6411181626617375;0.26290146696465805;1.044924955236951;0.774777424387583;1.0918681620769441;0.6002800573406569
270.0;3.6977602513863217;0.21438246901085026;1.0482308005703562;0.7934623469665109;1.09878781126437;0.6295824960536036
270.0;3.709269201478743;0.2559061464127357;1.0235140392309423;0.7644246973426074;1.047580988502839;0.5843451179073369
270.0;3.6785786802218112;0.22837509135541592;1.039912092256771;0.7755737949868668;1.081417159621855;0.6015147114703306
270.0;3.6774503234750466;0.21054492441214417;1.0310928287980907;0.78257022496909;1.0631524215988488;0.6124161570081722
270.0;3.8151064972273563;0.2107749641060998;1.062826043581323;0.8150424065691974;1.1295991989147285;0.6642941245061088
270.0;3.585153;0.20355137241112756;1.024130546963642;0.7967639879558045;1.0488433772240482;0.6348328525032373
270.0;3.7040788927911277;0.11554159460944545;1.0109185866989834;0.7928964502906749;1.02195638893347;0.6286847808835526
270.0;3.541148175600739;0.2507173630658041;1.053195258034869;0.76810842105518;1.1092202515471339;0.5899905464958817
270.0;3.1945631666666663;0.14242316666666668;0.7581745713368174;0.7620920737917214;0.5748286806217668;0.5807843289361666
280.0;3.041094374764595;0.17427904499627117;1.1154262188266653;0.7795630905688605;1.2441756496459517;0.6077186121772735
280.0;2.915790342749529;0.14162935919939737;1.0850751382977817;0.7742667192988191;1.1773880557519503;0.5994889526137562
280.0;2.88429190960452;0.17703766527389833;1.1140230757199474;0.7811040888590892;1.2410474132365314;0.6101235976323879
280.0;2.7054175047080977;0.15887239082028248;1.0978373846354448;0.7531386228181198;1.2052469231031937;0.5672177851803742
280.0;2.588620342749529;0.2055440464853484;1.1272432449131533;0.7959635840201753;1.2706773332023353;0.6335580270862426
280.0;2.64127104519774;0.10645342035645951;1.074715290353641;0.7682090033548203;1.1550129553199109;0.5901450728354063
280.0;2.657365143126177;0.17726558736915254;1.1063301947591033;0.7906921425522693;1.2239664998357154;0.6251940642938981
280.0;2.5428671355932204;0.16485197343318267;1.1035606193170926;0.7882940290516424;1.217846040507525;0.6214074762384716
280.0;2.5474654331450095;0.11196732788508475;1.0555520647184031;0.8175312295632389;1.114190161331284;0.6683573113111813
280.0;2.5203353954802257;0.1356494330486629;1.0528607457962607;0.8039351164902261;1.1085157500386582;0.6463116715261534
280.0;2.464465900188324;0.07012467518941619;1.038483410784877;0.7487576586377883;1.0784477944753919;0.5606380313687428
280.0;2.5072301996233524;12.822856858459264;1.080494601704967;84.05907359036348;1.1674685843135753;7065.927852870144
280.0;0.976682;580.0879;0.8632727280251589;5.611279803231293;0.745239802952;31.486461030151414
290.0;0.7458715339622641;658.4244454132074;0.9850071323177144;64.02571139236997;0.9702390507167673;4099.291719299054
290.0;0.9177122396226416;779.8130853075472;0.957869650741227;73.96525929428584;0.9175142678111202;5470.859582470939
290.0;0.9709229528301888;828.440327735849;0.9431891575393596;63.75721410682605;0.8896057868998068;4064.9823506636585
290.0;1.0538487433962263;837.7310224132075;0.9872871649684497;58.45084029527914;0.9747359461114388;3416.500731224228
290.0;1.0943902528301888;793.5827100528303;0.9379543524977728;71.70468754860391;0.8797583673695162;5141.562216442913
290.0;1.0485507528301887;738.9509587830188;0.9529740980033021;78.41303034123246;0.9081596314652073;6148.603327295043
290.0;1.1710966245283019;606.484590254717;0.9601263825855437;97.80750376134611;0.9218426705368019;9566.307792025733
290.0;1.102913158490566;673.2681944773584;0.9402506127219654;89.67009904613953;0.8840712147240315;8040.726662944474
290.0;1.2003510018867924;552.3008653283018;1.011125602825154;124.82862162705209;1.022374984688531;15582.184777309734
290.0;1.2466512603773583;474.70327318490564;0.9676149727509132;132.88967829924883;0.9362787354917506;17659.66659847785
290.0;1.196895762264151;299.38291397547164;1.01270623097826;108.3279282297374;1.025573910262193;11734.940034547135
290.0;1.2528706679245283;290.4349876490566;0.9870487183623661;144.41201628950674;0.9742651724207894;20854.830448800763
290.0;2.787612333333333;0.09157267984500006;0.8028197899028754;0.759982995042682;0.6445196150596969;0.5775741527540451
300.0;3.296530674199624;0.23451559529625235;0.9797434081800374;0.8027147966791852;0.9598971458722353;0.6443510448077057
300.0;3.2985999096045195;0.23083568331802257;0.8993906088503919;0.7685107274431466;0.8089034672882787;0.5906087381951944
300.0;3.3857379585687384;0.21152215977751415;0.9606565006693286;0.7623844313554436;0.9228609122782397;0.5812300211731632
300.0;3.3967738926553674;0.2804990098103767;0.986698900083344;0.7639469915001238;0.973574719425681;0.5836150058220902
300.0;3.32504020527307;0.22002860679717515;0.9986289212231851;0.789637779604148;0.9972597223033824;0.6235278229781691
300.0;3.497936800376648;0.23773362880041432;0.9677805711589352;0.7612122551086169;0.9365992339127149;0.5794440973275461
300.0;3.370563506591337;0.21060495024747644;1.049205706077549;0.8083909136289661;1.100832613665688;0.6534958692378745
300.0;3.354469429378531;0.19680814282836154;1.090758126246769;0.7681163650352373;1.1897532899733625;0.5900027502349459
300.0;3.31285465913371;0.19818954921386064;1.0925843238164907;0.7938724549336234;1.1937405046495384;0.6302334747023378
300.0;3.3289487589453857;0.2039359212981356;1.0889463038634817;0.8190946922820914;1.185804052697938;0.670916114924694
300.0;3.262043329566855;0.2869351330180038;1.0757361865300707;0.7553218521042749;1.1572083430102593;0.5705111002662322
300.0;3.272159595103578;10.348965487557477;1.1786152885342012;76.33907443414934;1.3891339983665583;5827.654285462593
300.0;1.7770181111111112;0.027110777777777775;0.9158652957398327;0.5025350779887853;0.8388092399406111;0.25254150460919444
310.0;1.3264894117647057;20.42715259362782;1.0500471866108552;7.75006837481073;1.102599094109372;60.06355981424143
310.0;1.3482655464895634;10.890141544592032;1.0544710906926797;4.34249047042495;1.1119092811066096;18.857223485731506
310.0;1.3193079032258064;8.657629984819733;1.022190480672957;2.364988939175641;1.0448733787784108;5.593172682423124
310.0;1.321392863377609;7.751373633776091;0.9809746646607923;2.1787657730612877;0.9623112927063538;4.7470202938633514
310.0;1.4110455749525617;8.68450079886148;1.0410569178751727;3.05890474585854;1.0837995062557542;9.356898244235898
310.0;1.382087963946869;14.32358513092979;1.0855975457420384;6.97652012387906;1.1785220313211373;48.671833038889496
310.0;1.4212386337760912;36.136761127134726;1.001339012762413;17.161925007453018;1.0026798184800043;294.5316699614413
310.0;1.4286518178368122;35.5608515256167;1.0512715311638017;14.746230607843314;1.105171832235484;217.451317139695
310.0;1.3531304022770396;69.47668190322581;1.0897076181219723;23.850997612937434;1.1874626929930623;568.8700871323472
310.0;1.3179179487666033;96.7595992979127;1.03952995541723;24.580176491750848;1.0806225282097481;604.185076365621
310.0;1.3176862979127135;101.07566840986718;1.0499800156652723;25.861523889280758;1.1024580332964453;668.8184178758394
310.0;1.2827055256166984;138.15436418026565;1.0330201049787533;47.56257801088973;1.0671305372903144;2262.1988270419715
310.0;1.0010988;660.8350897;1.3019879068513998;14.334200409590228;1.695172509587289;205.46930138229666
320.0;1.1471839962049335;571.8170521745731;1.0193014392217021;22.859107243613884;1.0389754239994335;522.5387839750407
320.0;1.1559870967741934;515.8837217571157;0.9829750456885364;41.853152127831144;0.9662399404463804;1751.6863430353765
320.0;1.1791531688804555;427.6022152030361;0.9130516972497901;46.72474697356175;0.8336634018507223;2183.201979743368
320.0;1.2875704041745732;316.4032022258064;0.9194548020132238;51.12226041258887;0.8453971329451766;2613.4855096925517
320.0;1.2713541347248578;241.6455808994307;0.9575759947505794;58.13301206004887;0.9169517857225616;3379.447091173787
320.0;1.2405432675521821;195.70145503225805;0.9132808581448936;51.498736234401015;0.8340819258538732;2652.119833740408
320.0;1.2576861954459202;140.2571542751423;0.9129975261993553;49.5391823488203;0.8335644828461424;2454.1305877896684
320.0;1.2653309753320683;118.77339966603417;0.8722535485323316;43.076840755256015;0.7608262529272446;1855.6142094536856
320.0;1.396450973434535;88.84792205502845;0.8979878151756568;37.24518310591043;0.8063821162039497;1387.2036645927953
320.0;1.4205436641366223;52.236722371916514;0.9118643112590065;27.010613903696864;0.8314965221478622;729.5732634545824
320.0;1.3913544269449714;28.935353808349145;0.8707589405505501;21.335625432656446;0.7582211325487165;455.2089126026165
320.0;1.3850995844402276;67.67459246110056;0.9371973518574657;106.18400703199282;0.8783388763286464;11275.043349370302
320.0;1.220852;602.734828;;;;
330.0;1.2059356936090224;172.8460497612782;0.9332244506025561;62.947751573763526;0.8709078752024426;3962.4194281922482
330.0;1.3043840883458648;102.31635915413534;0.9273693311496224;23.901826902295202;0.860013876356898;571.2973292672826
330.0;1.268584672932331;69.22392284398497;0.9782134008089758;24.989581680023353;0.9569014575222619;624.4791925425587
330.0;1.3050725639097747;35.1816547537594;0.9313090257828253;17.684193320455154;0.8673365015045551;312.7306933952307
330.0;1.3112686033834589;26.116368089928304;0.9184772979738555;17.050797429958536;0.8436005468933544;290.7296929974806
330.0;1.3293978120300751;6.8542116506731965;0.8807906604213055;8.234185427034433;0.7757921874853996;67.80180964678621
330.0;1.336052827067669;5.424987348041617;0.9147121926184864;5.18762269956103;0.836698395324919;26.91142927300087
330.0;1.382637964285714;1.3539472349624249;0.9452336923085063;2.227471349179688;0.8934667330751719;4.961628611416378
330.0;1.2864843984962404;0.35592572487323304;0.9253588749191126;0.9136774248018223;0.856289047391566;0.8348064365924898
330.0;1.3812610676691728;0.23315290472983083;0.9289061219597573;0.8892120063158537;0.8628665834143155;0.7906979921762659
330.0;1.4053568120300752;0.06081216779157894;0.8942082050085413;0.7712387383416408;0.7996083139045973;0.594809191518806
330.0;1.4207322274436092;6.108392059162463;0.898936384901621;43.94462306599769;0.8080866240999952;1931.1298964126158
330.0;0.43408077777777776;434.4198848888889;0.980700461085185;12.365609594007898;0.9617733943726945;152.9083006314202
340.0;0.625274250965251;516.2340268629343;0.9839944372451971;21.9220428676299;0.968245052529492;480.575963490203
340.0;0.6191464459459459;525.8867729266409;0.9583918516214194;14.489705163591905;0.9185149412543328;209.95155572782193
340.0;0.6365871467181469;527.635323608108;0.9741282593414717;15.587209501814025;0.9489258656476457;242.9611000534414
340.0;0.5974633436293436;532.5302802200771;0.9580428862182739;17.1603095276586;0.9178461718334406;294.4762230850506
340.0;0.6448361718146719;537.1186102702702;0.9156957563088253;16.51928977942245;0.8384987181219916;272.8869348165311
340.0;0.5394846563706563;549.6846651930501;0.9198617206558913;21.108205807960683;0.8461455851280171;445.55635243122515
340.0;0.6377655733590734;546.400856918919;0.9601299393655981;19.601691292489882;0.9218495004661871;384.22630152607366
340.0;0.6684047413127413;558.2346386486486;0.91102938271105;24.04707762888965;0.829974536162877;578.2619424898451
340.0;0.6476644054054055;563.3167298667954;0.9167806134231946;24.531518491190102;0.840486693148609;601.795399483602
340.0;0.6078335115830116;565.5416016988416;0.9630791621730685;24.868456219273764;0.9275214726119796;618.440114729936
340.0;0.7237908822393823;575.0498722837838;0.9511753009496764;28.567238276757912;0.9047344531367075;816.0871027610623
340.0;0.6017056776061777;580.523440480695;0.9599247490360365;60.028408885488865;0.9214555238118977;3603.409873323438
340.0;1.1801570000000001;575.9302246666667;0.9156390500000532;50.394499296334295;0.838394869885;2539.6055593282376
350.0;1.1063972215909093;525.3299252916667;1.0171503522413639;48.03183759280193;1.0345948390647306;2307.0574225413006
350.0;1.0326373977272727;587.2220419223485;1.1035708598810432;20.693234386488495;1.2178686427785852;428.2099493741499
350.0;1.034949606060606;589.3277810814394;1.0198549131817767;17.042320837149802;1.0401040439410094;290.4406995163503
350.0;0.9320558522727272;606.448845030303;1.0314464156339127;18.219707570789705;1.0638817083240464;331.95774396509165
350.0;0.9519409356060607;618.7228053636364;1.009087909701887;18.786507295129724;1.0182584095065235;352.9328563499624
350.0;0.9672015814393939;622.1125189242424;1.0218231789429884;19.15973149942609;1.0441226090251545;367.09531113010036
350.0;1.0000351079545453;627.9677552727272;1.0456783460232073;18.10743759768592;1.0934432033418306;327.8792963540896
350.0;0.9609585984848484;645.7753177272727;1.0790827385867676;18.268395734866907;1.1644195567159181;333.73428272570345
350.0;1.0351808238636366;652.548041128788;1.0745195233262292;20.35420425397152;1.1545922060092269;414.29363081239234
350.0;1.0294003011363637;651.3503144848486;1.0501028450425804;19.85415049683278;1.1027159851665218;394.18729195088537
350.0;1.051828840909091;649.6755698257575;1.0422278790216883;19.927086380237707;1.0862389518100468;397.0887716054551
350.0;0.9221133125000001;648.8304547670456;1.1031791013173369;56.712082242893565;1.2170041295833272;3216.2602723247237
350.0;-0.488341;566.7196154999999;1.0359269907874782;23.308403961765848;1.073144730242;543.2816952448618
360.0;0.8083520738636363;612.5829093958333;1.1542423155226913;51.867927736795124;1.332275322943184;2690.2819277094013
360.0;0.6409473768939393;579.6254478068182;1.1644001005955236;35.33856342000573;1.3558275942668654;1248.8140645897668
360.0;0.797484615530303;558.768531219697;1.1876847432492632;29.522728319872176;1.4105950493470683;871.5914874489825
360.0;0.6314672613636364;555.616048278409;1.1416163637873085;28.147583031808942;1.3032879220669562;792.2864305325787
360.0;0.637247784090909;540.7699774223486;1.1956480420444058;23.729876670823376;1.4295742404446212;563.1070468124875
360.0;0.6596763390151515;544.1629294280302;1.1344311000835055;25.01182655441207;1.2869339208366721;625.5914675879928
360.0;0.656439240530303;527.9579695037879;1.0949636336745427;18.52978640131505;1.198945359069758;343.3529840783601
360.0;0.6721623200757576;529.7242718409091;1.110684054923843;18.06445285003215;1.2336190698620702;326.3244567710347
360.0;0.6266115890151516;524.256104748106;1.077475875840645;16.513315936657545;1.1609542630185652;272.689603223868
360.0;0.6321609147727274;519.4933959943181;1.0850945064727993;14.659306489731033;1.177430087977448;214.8952667598704
360.0;0.6950532784090909;518.3599463749999;1.0479021386144656;14.473624792928042;1.0980988921127706;209.4858146464613
360.0;0.6550518977272727;521.6654952916667;1.142868444501461;73.51166712999921;1.3061482814371888;5403.965204231807
360.0;0.793554;594.555014;1.4675633548000575;4.83431935734496;2.1537422003519993;23.370643648800183
370.0;0.2959990226415094;305.458381745283;1.1107343571391561;47.995101196656805;1.2337308121293342;2303.5297388773274
370.0;0.2819477245283019;281.7600251679245;0.9792925957827103;10.633036007520467;0.9590139881548388;113.06145473722677
370.0;0.2879368132075472;279.3632351867925;1.0409724225026598;9.319683566161512;1.0836235844110558;86.85650177338094
370.0;0.3614182905660378;279.5125033339623;1.073987985816499;9.887727240255602;1.15345019367818;97.76714997769265
370.0;0.40840957547169815;282.1652110188679;1.0030648390081516;9.969457884994554;1.006139071254449;99.39009052068009
370.0;0.3685591320754717;285.2415294037736;0.9691203068483298;11.49681953907439;0.939194169145801;132.1768595140427
370.0;0.33861368113207546;288.2521995698113;1.0166386938094107;11.153981880190935;1.0335542337505048;124.4113117836277
370.0;0.2708909660377358;291.6323475528302;0.9718319782416448;12.285789630319382;0.9444573939330688;150.94062684046327
370.0;0.34552418679245284;291.9400949264151;0.9749596160662833;12.126190153500154;0.9505462529601145;147.0444876388441
370.0;0.33861368679245285;292.1593878301887;0.9513835621918524;12.465071569595372;0.9051306824088583;155.37800923513484
370.0;0.34782766037735846;295.8283955509434;0.9610642919116822;12.408168419403127;0.923644573187703;153.9626435242731
370.0;0.44941178113207547;309.8665802849057;0.9776492367546076;49.64463342042299;0.9557980301268668;2464.5896274481797
370.0;0.2930044;629.398124;0.8125778461035594;22.233860452687892;0.6602827559783;494.3445506295987
380.0;0.6775859488272922;569.7396747974414;0.9916976568269104;18.852841340699854;0.9834642425559845;355.4296266176014
380.0;0.6440059765458422;558.2022303326227;1.024761440235431;20.009385162272675;1.0501360093933947;400.3754945721779
380.0;0.561748130063966;560.6853265884861;1.0466389164864478;24.66419908882555;1.0954530215039253;608.3227166932232
380.0;0.64634878891258;555.3247674200427;1.0414677827426795;22.788192155686744;1.0846551424909532;519.3017017245028
380.0;0.7098643198294243;540.5670345479743;1.013092618581386;24.634947349506625;1.0263566538240898;606.8806309129635
380.0;0.5851760426439232;516.9108776545843;1.0302695601189293;25.244949377490187;1.061455366507652;637.3074690720422
380.0;0.6229209317697227;507.1297434200426;1.033296822351693;21.31883978422649;1.0677023230821063;454.4929297455182
380.0;0.6125085245202558;509.1148646034115;1.0638332484069077;23.77684862350695;1.1317411804159936;565.3385304651644
380.0;0.5955884179104477;501.6385118038379;1.0522475916391694;22.965323390184434;1.107224994110432;527.4060784157522
380.0;0.5893409765458422;485.971515238806;1.0223265904543242;23.340781422951494;1.0451516575499633;544.7920774339975
380.0;0.6291683411513858;481.0865448614073;1.1419599934782763;20.69385850112199;1.3040726267049045;428.23577966445885
380.0;0.6455678507462688;478.58575124946697;1.0669164606687354;31.87936744623358;1.1383107340459009;1016.2940687719774
380.0;0.0;555.548781;0.5179642025005203;16.833830924412688;0.26828691507200003;283.37786359171287
390.0;0.5670789393258427;482.431382235955;1.0015905523317923;16.966132014543778;1.003183634520305;287.84963553492736
390.0;0.5703711280898877;476.0431691146067;0.9289803856280201;14.067002264598933;0.8630045568815848;197.88055271223152
390.0;0.570919806741573;475.09776338202255;1.0193227788538928;14.667168001232945;1.039018927490422;215.1258171763916
390.0;0.49382780449438207;480.8500339280899;0.988758821515712;12.81711674460424;0.9776440071251398;164.2784816448144
390.0;0.528121426966292;478.7792490808989;0.946905208198799;12.394305378225544;0.8966294733140109;153.61880580871065
390.0;0.5102887438202247;475.8865156247191;0.9615027143772981;13.818940056180107;0.9244874697549119;190.96310427629905
390.0;0.5193422292134832;475.47581652808987;1.08762476009544;14.374567850294172;1.1829276187726636;206.62820088271081
390.0;0.5739376426966292;475.7896697101124;0.9786602915757288;13.845317889596823;0.9577759663070905;191.6928274639898
390.0;0.5061735123595505;472.07827989213484;0.8840505583193758;16.05017939484629;0.7815453896648001;257.60825860674834
390.0;0.6323739460674156;476.5526354134831;1.0151683100644182;16.43215989393162;1.0305666977590466;270.0158787797348
390.0;0.5174218359550562;487.8536099280899;0.9593205102445634;15.068861735475444;0.9202958413758896;227.070594002876
390.0;0.5596715191011237;483.70216515505626;0.9737918016612552;26.056791919810042;0.9482704729826735;678.956405152278
390.0;0.0;436.454618;;;;
400.0;0.42184118503118506;389.01045069854473;0.939892432686356;11.372163148669127;0.8833977850210762;129.3260946799481
400.0;0.5292051185031185;388.51474699584196;0.9730044260656142;11.910682279310478;0.9467376131432754;141.86435235868063
400.0;0.44646131808731804;387.43374860083156;1.0305539517955464;11.393487299490292;1.0620414475614173;129.81155284364658
400.0;0.47666530561330556;387.41268082952183;1.045231705147488;11.349409688437284;1.0925093174455252;128.8091002759941
400.0;0.45255288773388774;374.5823127817048;1.008615020996837;11.139096897255715;1.0173042605804499;124.07947968645189
400.0;0.5335199729729729;374.48890809771314;0.9801747259092898;11.549990951715566;0.9607424933113513;133.40229098471144
400.0;0.5162605488565488;373.26704234719335;1.0417984624296295;11.042294234422686;1.08534403632074;121.9322619595645
400.0;0.4246331704781705;372.9662703638254;1.0084665387608949;10.79180247006925;1.0170047598003793;116.46300055299277
400.0;0.4134652577962578;373.23734602910605;0.9545261942417296;11.530278032934152;0.9111202554936;132.94731151676388
400.0;0.4675279854469855;374.23280865696466;0.9832411408822979;11.259231537801053;0.9667631411235227;126.77029482181388
400.0;0.5479874594594594;371.76191749064446;0.9751574109345282;11.21265657434992;0.9509319761005323;125.72366745431246
400.0;0.4779344095634096;368.4580028461538;1.036788846111557;28.18333332413468;1.074931111421334;794.3002772592804
400.0;-0.5019056666666667;139.20428822222223;0.8897250112508078;5.0957885142892465;0.7916105956452502;25.96706058236221
410.0;0.14484685122410548;134.55470117325797;0.9733437028404185;8.947358975666218;0.9473979638590968;80.05523263943483
410.0;0.16347002636534838;138.81135562335217;0.9508723959555659;8.618837256694162;0.9041583133902785;74.28435565737935
410.0;0.2568157664783428;142.4502271016949;1.0089629777173017;9.140406513244764;1.0180062904041642;83.54703122736731
410.0;0.22002926553672317;145.85320581167608;0.8861674056369719;9.05541882869134;0.7852926708133615;82.00061016301764
410.0;0.16415976647834274;147.83162918832392;0.9389520682162753;9.181444182843936;0.8816309864076208;84.29891728267877
410.0;0.20370528813559322;148.54758637853107;0.9382889392703513;9.540267986698515;0.8803861335570811;91.01671325802455
410.0;0.1450767702448211;152.46856751600754;0.9020967832316604;9.184355725305254;0.8137786063169093;84.35239008894739
410.0;0.18278294538606404;155.94557959322034;0.9812885502371248;9.451721208116805;0.9629272188264781;89.335033795965
410.0;0.21520104708097929;159.0121934576271;0.9629090342360387;9.416088419748908;0.9271938082133808;88.66272112852948
410.0;0.20485484369114879;159.70538847080982;0.9515368955833882;10.248296028220716;0.9054224636564718;105.02757148204452
410.0;0.19519838606403014;160.7046011393597;0.9353154170165754;10.145038527618334;0.8748149293088904;102.92180672686037
410.0;0.1837026064030132;158.39095962900188;0.9596417829312348;16.32518669050279;0.9209123515474392;266.5117204797694
410.0;0.8545965;185.87471699999998;1.0359276978942595;5.438614226760525;1.0731461952645;29.578524707521986
420.0;0.23226533843212238;200.543740499044;0.9419472063923857;9.673527282900167;0.8872645396304196;93.57713009301389
420.0;0.25467490248565966;202.81177217208412;0.8941926268163565;8.67819805207788;0.7995804538527357;75.3111214310883
420.0;0.26657995028680687;204.91313256022943;0.9922045689249112;9.130732592328805;0.9844699065954688;83.3702776726155
420.0;0.19981825047801147;204.7578998489484;0.9795567111253171;8.663460720729354;0.959531350310648;75.05555165962039
420.0;0.2885225889101338;207.9540575449331;0.9554750000474505;9.005909156323526;0.9129324757156755;81.10639973195191
420.0;0.22339493690248569;205.72430975525813;0.977673024348215;9.405449827883778;0.9558445425381855;88.46248646483899
420.0;0.20845524665391965;204.55084471701718;0.9974549728158708;8.434262723078254;0.9949164227951095;71.1367876819074
420.0;0.27731784130019127;203.6304197380497;0.9358866055724953;9.003623031661416;0.8758837384900073;81.06522769626392
420.0;0.20822180305927343;202.91821705162525;0.9780935130052855;9.46074001192932;0.9566669201830206;89.50560157332038
420.0;0.13819205736137669;201.3122005755258;1.0384311393735235;8.850234318061526;1.0783392312205944;78.32664748459398
420.0;0.17577469216061187;200.4947197954111;0.9338311816790316;9.379483957316323;0.8720406758760564;87.97471930555427
420.0;0.25070649521988525;198.53412015678774;1.0127424032488246;13.878999148034755;1.0256471753382048;192.62661735114946
420.0;-0.1627801666666667;160.62344199999998;0.565646580764497;9.809045878634327;0.3199560543305666;96.21738104915309
430.0;0.3129198196392786;222.48109558917832;1.0311603178702624;14.917977946015169;1.0632916011503006;222.54606599779495
430.0;0.3229508517034068;229.11602424448898;0.9656831953908213;9.213514217807395;0.9325440338602271;84.88884424173901
430.0;0.27793345691382765;229.33181384168338;0.930639348207612;9.419215498817666;0.8660895964322888;88.72162061316693
430.0;0.29848489178356713;228.90781894388778;0.9706450971341888;9.22459262108089;0.9421519045906388;85.09310902489999
430.0;0.23585199599198398;227.64268346092186;1.0022365814199927;9.333230738905483;1.0044781651364336;87.10919602565018
430.0;0.30655862525050104;227.2020504809619;0.9681358625589307;9.894693098320433;0.9372870483727247;97.90495150995001
430.0;0.3263760861723447;224.58614890380764;1.0273655000820565;10.292669592002532;1.055479870758854;105.93904733013359
430.0;0.2578713627254509;223.97034019639278;0.9396627630959392;9.629657140489892;0.8829661083490952;92.73029664338794
430.0;0.1949937895791583;222.37173238677354;0.9407819778442207;11.33968054948587;0.8850707298364838;128.58835496438815
430.0;0.22264035070140278;218.26487308416833;1.0095382133867543;11.70608790570927;1.0191674042881198;137.03249405619283
430.0;0.3537779779559118;219.54492848897794;1.0061722636298187;12.560610516447754;1.0123826240979534;157.76893654589793
430.0;0.18814334068136276;214.97737236072143;1.0206160553552703;29.11027947317357;1.041657132448952;847.4083710062705
430.0;-0.08139022222222225;205.46940033333334;0.9377543656598962;12.471226596565433;0.8793832503141944;155.53149282288103
440.0;0.2474014083175803;212.7098245500945;0.9416539420541442;9.49472917138614;0.8867121465861095;90.14988203797094
440.0;0.2208611606805293;214.18269617769377;1.007044852543509;8.638532246592906;1.0141393350343775;74.62423937542549
440.0;0.2365545122873346;214.05045657466917;0.9756542266195456;8.974933154899905;0.9519011699205837;80.54942513492156
440.0;0.27163380907372403;213.2277066899811;0.9456713941253406;8.825810040680297;0.8942943856669654;77.89492287417316
440.0;0.22063036862003782;211.72021828733457;1.0001622992727865;9.3856048187996;1.0003246248866269;88.08957781467427
440.0;0.25847906616257094;212.1702471304348;1.0210889555313798;9.263078409751623;1.0426226551081643;85.80462162520666
440.0;0.1940900831758034;209.78046812665409;0.9579461900967958;9.36920227959858;0.9176609031209665;87.78195135603524
440.0;0.23124645746691871;209.31474390737242;0.9901453159786712;9.69903041598275;0.9803877467545026;94.07119101015851
440.0;0.24994004158790173;208.03965579773157;0.9810049104483595;9.8970454777734;0.9623706343237938;97.9515091891149
440.0;0.2520170964083176;207.25706259546314;0.9902556670118842;9.536567664365975;0.9806062860491516;90.94612281703073
440.0;0.2169378166351607;206.54762919092624;1.0515554693051357;10.129282602243237;1.105768905025544;102.60236603610753
440.0;0.21209131758034025;204.15554581852552;0.9865237256982644;19.068897594734697;0.9732290613655845;363.6228554784787
440.0;0.488341;109.144196;;;;
450.0;0.09845579953917051;100.69639382949309;0.905878365868988;8.260442144667842;0.820615613749468;68.23490442540464
450.0;0.1488089078341014;96.09428449308756;0.9747802536743371;8.53124631148383;0.9501965429534048;72.78216362720644
450.0;0.13108691705069125;91.56869238709677;0.9649033123527528;7.904579457320656;0.9310384021893142;62.48237639709572
450.0;0.10576965207373272;90.19228007603687;0.9211861061823404;8.044917761439624;0.8485838422233821;64.72070178832674
450.0;0.08551591935483872;88.70109636635945;0.9733818316099127;7.723346921904214;0.9474721901082683;59.65008767608729
450.0;0.15218453917050692;88.51459290092166;1.0010247961108165;7.4753924701136265;1.0020506424287017;55.8814925822315
450.0;0.2697689239631336;89.49690067972352;0.9366693228481783;7.62844824566042;0.8773494203648649;58.19322263671953
450.0;0.12630474884792625;90.71747153225806;0.8934961982664191;7.552495467798966;0.7983354563165442;57.04018779112392
450.0;0.00028128571428571715;92.69558954147466;0.9453220714066822;7.553749648735408;0.8936338186886204;57.05913375577031
450.0;0.11899086635944701;93.69815107603686;0.9251101113659325;8.493486329478719;0.8558287181514879;72.1393100290419
450.0;-0.0745451082949309;93.2438477857143;0.9477258018908615;7.823318134340223;0.8981841955696764;61.204306631096586
450.0;0.053447456221198154;94.88890384562212;0.9111652329630879;8.281984552473133;0.8302220817606782;68.5912681274036
450.0;0.012208599999999969;40.6177507;0.7289984562404322;8.679610920352978;0.5314387492009334;75.33564572871067
460.0;0.15204931845841785;45.3015386653144;0.9002289415442677;7.874113342979083;0.8104121471939126;62.00166093808122
460.0;0.12456158823529412;45.043500525354965;0.9554171185943791;7.610010503626793;0.9128218705031858;57.91225986531011
460.0;0.08518722515212983;44.57175138945234;0.9544046193536265;7.589893389837431;0.9108881774435408;57.606481669097924
460.0;0.017582249492900603;44.110402995943204;0.9409273293365602;7.652776643296863;0.8853442390924317;58.56499035219001
460.0;-0.00024764705882353126;43.02327504056796;0.9572734178136268;7.429597224046917;0.9163723964525825;55.19891491156566
460.0;0.046555807302231224;42.1463911663286;0.8936936951918345;7.19460459689776;0.7986884208256356;51.76233530570238
460.0;0.040860137931034476;41.97601667951318;0.9347414547421945;7.301366555931177;0.873741587213554;53.3099535840703
460.0;0.027487709939148085;41.37673431845842;0.9081811552570778;7.5498946209662;0.8247930107640803;57.00090878769437
460.0;0.0425936389452333;41.36039021501014;0.9431979491657749;7.103926080045575;0.8896223713105238;50.46576575075169
460.0;0.06983373427991885;41.60703702434077;0.9468956479738286;7.271083398753938;0.8966113681517768;52.86865379163512
460.0;0.04036486815415822;41.01741248681542;0.9349250558892956;7.34763553223595;0.8740848601296025;53.987747914576275
460.0;0.009905503042596357;44.11783237525355;0.9716244354261294;15.495217850081033;0.9440540435171448;240.10177622146986
460.0;-0.33573450000000005;123.2755585;0.6411893725411133;6.302383726462372;0.41112381145966664;39.72004063557773
470.0;0.05275004150943397;69.41235467735848;0.9784118151318403;11.829418646408834;0.9572896799895825;139.93514551200502
470.0;0.07325112452830189;63.63265616981132;0.9823655297733646;9.069310266358478;0.9650420340869031;82.25238870747528
470.0;0.015433405660377363;59.37833198113207;0.9927411303468263;8.611685837290416;0.9855349518822945;74.16113296018833
470.0;0.16147497358490567;55.71715766792453;0.9585089013737602;8.585392244337061;0.9187393140127328;73.70895998912297
470.0;-0.017506560377358486;52.60052947924529;0.9616969942515481;8.457304355763846;0.9248611087524622;71.52599696602212
470.0;0.10872491509433961;49.14183235471698;0.9754353889715358;8.014323471231275;0.9514741980580514;64.22938070152851
470.0;0.06887448867924528;48.98289119622642;0.9485880393754478;7.681265192948509;0.899819268446156;59.0018349644023
470.0;0.06495855283018868;47.86477493584905;1.0190348904756612;7.80532160835131;1.0384321080067427;60.923045409795876
470.0;-0.0375469566037736;46.64323174528302;0.9813851557340482;7.698952065975727;0.963116823895142;59.273862914191916
470.0;0.14673260943396227;45.17198974528302;0.942106767958341;7.920557460488191;0.8875651622329115;62.73523048489514
470.0;-0.014281673584905669;44.63504514528302;0.97449754080872;7.649827802630196;0.9496454570422429;58.51986540989394
470.0;0.08292579433962265;47.202290326415095;0.9191896742208393;23.339156198503137;0.8449096571942127;544.7162120581273
470.0;-0.64094725;18.740080499999998;0.6011997146430765;10.795858414593765;0.36144109688691667;116.55055890795501
480.0;-0.02659052083333334;33.71471040340909;0.9406594891888822;7.589008396267564;0.8848402746010887;57.59304843861959
480.0;0.032602301136363636;34.931169304924246;0.9583731702433903;7.412728498586977;0.9184791334423664;54.94854379376353
480.0;0.06451092234848485;36.640362289772725;0.9173644557913037;7.551357330295682;0.8415575447492748;57.02299752981033
480.0;0.0582679393939394;38.05197257386364;0.8943565962916489;7.220524580338734;0.7998737213303834;52.13597521527585
480.0;0.03977018181818182;38.700319071969695;0.9499941870686299;7.466745770054218;0.902488955464187;55.75229239462256
480.0;0.08763316477272728;39.16461282765151;0.9042196282547775;7.525536052842683;0.817613136121208;56.633692882635025
480.0;0.05410593560606061;40.01990299431818;0.9397020080314308;7.297573553078335;0.8830398638983032;53.25457976258836
480.0;0.06821050000000001;40.33320880871212;0.9010114596141552;7.577605366234743;0.8118216503560304;57.420103086389574
480.0;0.042082401515151496;40.95773939772727;0.9323440959919087;7.492882833022432;0.8692655133309695;56.143293149402275
480.0;0.09017657954545454;41.31890816477273;0.890207580589244;7.797558404709578;0.7924695365385552;60.80191707485699
480.0;0.05896160416666666;42.23084772159091;0.9389124088627441;7.560733099210829;0.8815565115164408;57.164684997502185
480.0;0.054799621212121216;43.03735007575758;0.9120004792348917;10.856132620925877;0.8317448741246721;117.85561548313095
480.0;0.25773555555555555;107.32647233333334;0.6117809551003756;10.729000473688277;0.37427593702352774;115.11145116440328
490.0;0.06179004489795919;61.49631539591837;0.88923057004453;10.601491726594698;0.7907310067017198;112.39162682905582
490.0;0.0545646224489796;56.38717372244898;0.9197719944116287;7.982966341317906;0.8459805217039451;63.727751606614596
490.0;0.0844630224489796;52.95334022857143;0.9261020289738525;8.136041633413353;0.8576649680694863;66.19517346063542
490.0;0.12432758775510205;51.34654934081633;0.9395051698395256;7.373589686716097;0.8826699641551958;54.36982486804599
490.0;0.044100159183673465;49.911425189795914;0.9377228156276183;8.036440925543861;0.8793240789485881;64.58438274975626
490.0;0.12208520816326532;50.09579875918367;0.9376730319816705;7.692264229755949;0.8792307149056989;59.17092898038288
490.0;0.07649011020408163;49.41585887959184;0.9085277848669346;7.619388281442058;0.825422735875219;58.05507778337656
490.0;0.04559508775510204;47.9899534244898;0.9423852272176185;7.455443388471021;0.8880899164780025;55.58363611869626
490.0;0.09991055306122448;48.85426689795918;0.9133156828384817;7.6123916712986235;0.8341455365187221;57.948506957256654
490.0;0.040612012244897966;46.65199912653061;0.9437446557960383;7.147679944815778;0.8906539753435827;51.08932859352168
490.0;0.12781572448979592;45.990496597959186;0.9027940327944212;7.590059851332519;0.8150370656492143;57.60900854680982
490.0;0.1036478551020408;46.01391705306123;0.9839700029216445;8.080006129661543;0.9681969666496211;65.28649905536811
490.0;0.3662556666666667;34.672200499999995;0.859812629332616;8.467470019028251;0.7392777575598666;71.6980485231423
500.0;0.03957706776556776;28.6647584981685;0.9379674597626043;7.742932261182101;0.8797829555735128;59.95300000125457
500.0;-0.0038011978021977966;27.34373386996337;0.936258024244676;7.565890890630532;0.8765790879625444;57.24270496892608
500.0;0.010285582417582415;25.855680584249086;0.9215914503520893;7.729461533011916;0.8493308013620675;59.744575590310916
500.0;0.029067888278388278;26.234457776556777;0.9818349818969181;7.2363128523965825;0.9639999316765214;52.36422369775996
500.0;-0.01073275824175824;25.712129860805863;0.8768170210679038;7.25075649935524;0.7688080884343929;52.57346981294225
500.0;0.0677505989010989;24.46511657875458;0.9469518548579211;7.238333317656701;0.8967178154188572;52.39346921749907
500.0;0.04270745421245422;24.38126685897436;0.8549033653373107;7.184551813399495;0.7308597640650594;51.61778475942198
500.0;0.047626663003663014;24.29026192857143;0.9636286097762395;7.186913523159961;0.9285800975792882;51.65172598937953
500.0;0.002459595238095229;24.028203556776557;0.9159754469475612;6.832843297783026;0.8390110194107845;46.68774753205842
500.0;-0.009614749084249087;24.777037597069597;0.9547859096234699;6.946950061011159;0.9116161332155167;48.26011515018295
500.0;0.006931547619047629;25.871108924908427;0.8626586108139658;7.148637765378766;0.7441798788114813;51.103021900599515
500.0;0.03957706227106226;25.912474794871795;0.8507897578399028;7.530989364902832;0.7238432120452805;56.71580081427957
500.0;-0.27469175000000007;17.600618416666666;0.8666018049604732;9.09139337952155;0.75099868836075;82.65343358120826
510.0;-0.022917754385964904;21.06119865087719;0.8799956803348861;7.2764108134168035;0.774392397408059;52.946154325608994
510.0;-0.015207068421052626;20.545013798245616;0.8467621226774683;6.7969544880181445;0.7170060924012519;46.19859031218999
510.0;-0.019704971929824566;20.56557550701754;0.9052656578376257;7.0202672695336545;0.8195059112601891;49.28415253568551
510.0;0.09081427719298246;20.056887133333333;0.8656454713122799;7.590371478220636;0.7493420820034591;57.61373917738532
510.0;0.0672539456140351;20.465122952631578;0.9200452003321106;7.120729498847012;0.8464831706541535;50.70478859575001
510.0;0.04819152456140351;20.005697012280702;0.9390827492277053;7.208024168608551;0.8818764098970653;51.955612415245
510.0;-0.007068107017543855;19.71462018245614;0.9098251795531269;7.072247965279063;0.8277818573488795;50.01669128239385
510.0;-0.014564563157894745;19.720188957894738;0.8997908849462694;7.10840482251074;0.8096236366323906;50.52941912069394
510.0;0.06382701754385965;19.393771649122808;0.8680267140610499;7.245823412642552;0.7534703763236237;52.501956927198954
510.0;0.012851077192982455;19.89003733859649;0.9193140478766783;7.055731533255344;0.8451383186234035;49.78334746937381
510.0;-0.03105676842105264;19.77973227368421;0.859473226635399;6.849876098953045;0.738694227303064;46.92080257100819
510.0;0.008567403508771925;20.40986331403509;0.9198482896590868;7.670726071310174;0.8461208759887473;58.84003846107761
510.0;0.54938325;32.6272735;1.7164444380690713;11.115063583401326;2.9461815089782504;123.54463846305435
520.0;-0.010550557319223991;32.8435063015873;0.8914380780823726;7.581821204057933;0.7946618470551943;57.48401277030248
520.0;0.007105506172839503;32.45055124867725;0.8990611058898968;7.56492259045255;0.8083108721239642;57.228053799539325
520.0;0.0523222380952381;31.16704161375661;0.947515970926691;7.340502137570359;0.8977865151611499;53.88297163167502
520.0;-0.039833805996472675;30.76030623280423;0.9584554900013931;7.281304684574584;0.9186369263138104;53.01739790960779
520.0;0.018517347442680777;30.29177459611993;0.8656938267672079;7.254523103014293;0.7494258017028526;52.62810545216812
520.0;0.05727454497354498;29.517276333333328;0.9097200170591246;7.346555188368504;0.8275905094380541;53.97187313574419
520.0;0.06265747795414461;29.348467149911816;0.8726424554446891;7.5928399682874;0.7615048550445362;57.6512187840226
520.0;0.018302017636684306;28.910510677248677;0.9444455114191973;7.6857559667782605;0.8919773240398691;59.07084478086764
520.0;0.08246674779541446;28.949267883597884;0.9692969453279001;7.895239297057624;0.9395365682219982;62.334803557802964
520.0;0.04284826102292768;28.489564326278657;0.8485533529468814;7.518154147735964;0.7200427927973947;56.52264178911948
520.0;0.021101135802469143;27.536352248677247;0.91090391486088;7.231418802163167;0.8297459421088773;52.29341789227897
520.0;0.07277742151675484;27.689012597883597;0.9007207981190938;7.917307168995155;0.8112979561642972;62.683752808222074
520.0;0.31393328571428575;27.608699;0.6531164571005476;5.951963486445068;0.42656110653557144;35.42586934397533
530.0;0.06908864499121267;29.351087674868186;0.9043899730728547;7.334213622119939;0.8179212233947188;53.790689454889666
530.0;0.09269035500878735;29.740086787346225;0.9156106262252794;7.007082322354846;0.8383428188566484;49.09920267225779
530.0;0.004934899824253093;29.610706467486818;0.907580237152387;7.468635117813863;0.8237018868695831;55.780510523042494
530.0;-0.07659829173989456;29.38048254657294;0.8919915102590305;7.255736082725593;0.795648854374186;52.64570610216613
530.0;0.019310479789103698;29.552131347978907;0.8457033757360801;7.28489275123933;0.7152141997314015;53.069662397059346
530.0;0.09998544639718805;29.695458105448157;0.9179339683733687;6.890678812122085;0.8426027702936807;47.48145449182823
530.0;-0.004505769771528992;28.957368205623908;0.9007914277566071;7.1670859698087375;0.8114251963197867;51.36712129862925
530.0;0.03733361335676624;28.672216643233742;0.9507432963777761;7.381302408321303;0.9039128156072799;54.48362524308987
530.0;0.09226123198594025;27.980901098418276;0.9002788400749453;7.069964829778556;0.810501989886689;49.98440269430573
530.0;0.051923778558875214;27.585894268892794;0.9119213057093589;7.401203401966191;0.8316004678066621;54.777811797275916
530.0;-0.04291221089630932;27.14604420738137;0.9256109528487523;6.976339536585646;0.8567556360335752;48.66931332972803
530.0;0.016735762741652026;26.734945288224957;0.9379683988357881;7.846942397996996;0.8797847172145721;61.57450499748284
530.0;1.953363;17.3361;;;;
540.0;-0.011216296819787985;10.992414590106005;0.8437892958142355;7.087286214428704;0.7119803757306834;50.229625885231144
540.0;-0.006686664310954066;11.727729931095407;0.8969821214565585;7.570588053277391;0.8045769262127084;57.31380347242636
540.0;0.043786745583038876;11.908916507067138;0.8965539515030718;7.595419180588821;0.8038089879557725;57.690392528856556
540.0;0.032354740282685514;12.112751360424028;0.8435239027058685;7.331631401512335;0.7115325744361395;53.75281900764173
540.0;-0.02351112720848056;12.243464469964666;0.8837486688250058;7.509291780299687;0.7810117096499697;56.38946304167645
540.0;-0.005392457597173148;13.334897648409894;0.9154466859061035;7.384804892340231;0.8380426347364681;54.535343297932215
540.0;0.007118030035335674;13.644424660777386;0.8798155663326429;7.368665374879123;0.7740754307612292;54.297229406942485
540.0;-0.008196537102473493;13.471866053003534;0.8654313036466342;7.211200001749121;0.7489713413315129;52.00140546522652
540.0;0.08131824558303888;13.762411618374557;0.8510839245748084;7.22926667950705;0.7243438466696582;52.26229672343088
540.0;-0.005608141342756181;13.943166747349823;0.9180783227482087;7.116983358079817;0.842867806700164;50.651452119185066
540.0;0.09835839045936397;14.53396427385159;0.9311996295748081;7.157534077793776;0.8671327501202597;51.2302940747792
540.0;0.036021614840989404;15.023167899293288;0.8708746989676062;7.106745446279468;0.7584227413019187;50.50583083821395
540.0;0.21975340000000002;15.5536562;0.6764443244146557;6.045745815917809;0.45757692403280004;36.5510424706877
550.0;-0.010531989436619715;14.07139556690141;0.8818423680245102;7.145012079807079;0.7776459620430758;51.05119762058907
550.0;0.05631395246478872;13.89836985915493;0.8979469716966876;7.345939888449983;0.8063087639792518;53.96283284472055
550.0;0.0406234366197183;13.56285047007042;0.8717287727349721;7.000389781745907;0.7599110532140206;49.00545709637251
550.0;0.013756073943661976;13.197239625;0.9284829607664927;7.335878836284073;0.8620806084337124;53.81511830064057
550.0;0.07307919366197184;12.753606045774648;0.9042675472597838;6.956073146413462;0.8176997970272252;48.38695361825447
550.0;-0.0010746795774647874;12.599709906690142;0.9144498310836272;7.19775459126954;0.8362184935688742;51.80767115614174
550.0;0.026437461267605634;12.270208804577466;0.9123692157618497;7.229490425093413;0.8324175858698927;52.26553180651734
550.0;0.025792667253521123;12.145759264084509;0.9291319462610577;7.116757722972374;0.8632861735628609;50.64824048748693
550.0;0.005803348591549291;11.775849649647888;0.8983650435562907;7.327722886567857;0.807059751483896;53.695522702330365
550.0;0.06684594894366197;12.080847735915492;0.8920664815466;7.484024807588305;0.7957826074989304;56.01062732059717
550.0;-0.08146179225352113;12.04473804225352;0.8862333607316373;7.305200681167542;0.7854095696736922;53.36595699213073
550.0;0.043847492957746474;11.819052350352111;0.9047071992092609;7.127279867713717;0.8184951163010652;50.79811831271726
550.0;0.5290358333333333;18.57729983333333;0.4863019639020253;10.132459840167844;0.2364896000949667;102.66674241261417
560.0;0.008037615658362994;12.908882087188612;0.8848326072503866;7.460859992339378;0.782928742853517;55.66443182529034
560.0;0.004127419928825611;12.479628758007118;0.9045767020723213;7.113664915584448;0.8182590099320373;50.604228531217096
560.0;0.017595907473309618;11.89809474911032;0.8898143684734068;7.423107475348504;0.7917696103417277;55.10252459057483
560.0;0.004996375444839853;11.970433466192171;0.8849450917997352;7.463800041241618;0.7831278155004417;55.708311055638376
560.0;0.018247619217081845;11.606132955516014;0.9273332463372709;7.088496099625899;0.8599469497624216;50.24677695441158
560.0;0.05387389501779361;11.365438249110321;0.9201589467176701;7.021776309518915;0.8466924872245719;49.305342540921075
560.0;0.020854405693950185;11.318081332740212;0.8812376999784434;6.95078059535117;0.7765798838632969;48.31335088471037
560.0;0.054742838078291806;11.31178156049822;0.8946335306101323;7.154612202873904;0.8003691540919505;51.18847577351217
560.0;0.04605348576512456;11.394113069395017;0.8803693956761854;6.93664180849216;0.775050272843252;48.11699957932139
560.0;-0.008472104982206413;11.426046402135231;0.9010738317740186;7.049105462441544;0.8119340503079122;49.689887820623206
560.0;-0.015423565836298923;11.387596062277579;0.8694066890142949;7.132135074676819;0.7558679909027988;50.86735072343532
560.0;0.01976824377224199;11.275720822064057;0.8722781067239309;7.208573694743793;0.7608690954698853;51.963534712552175
560.0;-0.040695083333333326;6.897814583333333;1.364788675780677;9.304506857597026;1.8626481295391744;86.57384786307009
570.0;-0.025725107142857133;10.555356753571429;0.8556275517917501;7.532876343934642;0.732098507385144;56.74422601301013
570.0;0.06256866785714287;11.406683119642857;0.9194772289285561;7.1483394184913;0.8454383745181364;51.09875644195654
570.0;0.04883408214285713;11.203280428571428;0.9331853236639758;7.3324589381679255;0.8708348483018393;53.764954079918695
570.0;0.013080564285714292;11.499991099999999;0.8582169128398426;7.1398802936668755;0.73653626948435;50.97789060789259
570.0;0.09221793392857143;11.971109246428572;0.8994765970327352;7.235743340637813;0.8090581486095896;52.35598169158447
570.0;0.02158290535714286;11.448976917857143;0.8814510120654641;7.114283781226688;0.7769558866712308;50.613033719825104
570.0;-0.028559205357142854;12.097990626785712;0.8852671166987007;7.178887331006921;0.7836978679080311;51.53642331129167
570.0;0.026597141071428573;11.243176166071427;0.8517591431858336;7.155172748714189;0.7254936380006652;51.196497063942154
570.0;0.04403789464285714;11.896768042857143;0.8710081505519652;7.255749083659443;0.7586551983279549;52.64589476502484
570.0;0.026161110714285715;12.012749;0.8831552291704061;7.294450908400967;0.7799631588110325;53.2090140550717
570.0;-0.03488146964285715;11.89480595357143;0.848825035832022;7.398356828376529;0.7205039414552334;54.735683759985605
570.0;0.05275824464285714;11.96892914107143;0.892063991857449;7.168417409011792;0.7957781655686468;51.38620814982334
570.0;0.366256;14.52814;;;;
580.0;0.05752938848920864;18.485809285971225;0.8993598903009281;7.3020768996504035;0.8088482122820975;53.320327048408046
580.0;0.05138119424460432;17.655585935251796;0.8980297900998577;7.264215607608686;0.8064575039067946;52.76882839382563
580.0;0.002415357913669064;16.896286167266187;0.8425669951223093;7.310174540273721;0.7099191412694374;53.438651809266105
580.0;0.05928599280575541;16.216253958633093;0.9076578831794211;7.471158996959047;0.8238428328977476;55.818216757842116
580.0;-0.0035132661870503636;15.887326501798558;0.8596181655619516;6.919655463254859;0.7389433905640947;47.88163173015282
580.0;-0.017346629496402876;15.181823323741005;0.8531304282694746;7.328179326736665;0.7278315276392571;53.70221224481064
580.0;-0.005269859712230213;14.703802613309351;0.9170489485326475;7.358671580379852;0.8409787740048343;54.15004742789011
580.0;0.024373124100719422;14.874414480215826;0.8780298068430091;7.196043068380336;0.770936341704772;51.78303584198467
580.0;0.08321994964028777;14.5277012823741;0.8956512211846376;7.162155067575133;0.8021911100095326;51.296465211992164
580.0;0.0032936636690647546;14.403420276978418;0.8550299468458297;7.274626804001929;0.7310762100031822;52.92019513750332
580.0;0.07926755755395683;14.624754620503598;0.8691110187278248;7.2810291356772385;0.7553539628741175;53.01338527458084
580.0;0.011637595323741009;14.190210320143885;0.9301479146735225;7.20504823544331;0.8651751431715026;51.912720075064755
580.0;-0.2996637272727272;17.169620636363636;0.6914024796844586;8.804582691800142;0.4780373889138182;77.52067637674665
590.0;0.08851178392857144;12.325810353571429;0.8523260073044657;7.240509837950842;0.7264596227275723;52.42498271346294
590.0;-0.022236944642857148;11.525280176785714;0.8421890102360864;7.614597209667465;0.7092823289624388;57.98209066547553
590.0;-0.06910896250000001;11.108446398214285;0.8606984934207517;7.32427182250106;0.7408018965767517;53.64495772988299
590.0;0.040549764285714295;10.542930216071428;0.8663285460521456;6.848755031423443;0.7505251497048245;46.90544548044792
590.0;0.03597151071428571;10.278266939285714;0.834922842878679;7.084360538001109;0.6970961535606153;50.18816423238736
590.0;-0.054938375;10.743934817857141;0.9095157982140436;6.914142817726169;0.8272189872009288;47.80537090391436
590.0;-0.10595250535714286;10.368304791071429;0.9098619696266954;6.977566474069252;0.8278488037729695;48.68643390005521
590.0;0.03858764642857142;10.361764482142858;0.869229613274334;7.17624981943032;0.7555601205930482;51.49856147087371
590.0;0.07608522499999999;10.341053619642857;0.8696657408026985;7.087056449408944;0.7563185007259065;50.226369117108916
590.0;0.007630326785714286;10.638636325;0.8649207273076364;6.955601227362161;0.7480878645263707;48.38038843408199
590.0;0.03335541785714286;10.472949255357141;0.8697837568248465;6.850063576167282;0.7565237836363439;46.923370997533695
590.0;-0.006104250000000005;10.527887576785714;0.8369357759579578;7.344924610687574;0.7004614930783488;53.94791753668401
590.0;-0.569731;15.871077999999999;1.1731196158146022;8.190634863403202;1.3762096330090001;67.08649946559599
600.0;0.08662054022988507;14.540514795193312;0.8459531816714331;7.409418115252262;0.7156367855800206;54.89947680662838
600.0;0.04758389028213167;14.73646347857889;0.8976920268411261;7.228912071241424;0.8058509750541291;52.257169733739964
600.0;0.014925778474399165;14.546638183908046;0.8687699149312501;7.183986433661892;0.7547611650896516;51.60966107903811
600.0;-0.008929957157784742;14.84515376489028;0.8473309565982937;7.429226893506717;0.7179697500097796;55.193412235203475
600.0;0.01977345977011494;14.776775843260188;0.8972949056385399;7.437944950625762;0.8051381476848762;55.323025088539275
600.0;0.0571516959247649;14.780602965517243;0.8654938442350483;7.14066372884078;0.749079594408762;50.989078488382304
600.0;0.0549830052246604;14.259221277951934;0.8839116209629515;7.394325756877166;0.7812997536733525;54.67605339881707
600.0;0.02602441797283177;10.427506027168233;0.9274774696428509;7.243075764014321;0.8602144566951055;52.46214652325165
600.0;-0.007909398119122255;10.385024986415884;0.9138919700064632;6.850442145107991;0.8351985328422941;46.92855758347177
600.0;0.07348075339602925;10.423678923719958;0.8554836986501263;7.023819268575421;0.7318523586561001;49.334037117611366
600.0;0.049497450365726225;10.75217362695925;0.894778852814356;7.357604447148244;0.800629195443775;54.13434320069562
600.0;0.027682853709508886;10.516933147335424;0.8691744772746618;6.919991640146876;0.7554642719456816;47.88628429970265
600.0;-0.27469174999999996;11.2776215;0.779681207253461;6.170848142380105;0.6079027849442143;38.079366796315995
